ID,スキル名,査定値,"査定値(上位スキル単独査定)",取得pt(コツ0),査定効率,査定効率（増加分）,取得ポイント(コツ1),査定効率,査定効率（増加分）,取得pt(コツ2),査定効率,査定効率（増加分）,取得pt(コツ3),査定効率,査定効率（増加分）,取得pt(コツ4),査定効率,査定効率（増加分）,取得pt(コツ5),査定効率,査定効率（増加分）
100371,Schwarze Schwert,340,-,固有,-,-,固有,-,-,固有,-,-,固有,-,-,固有,-,-,固有,-,-
900371,Schwarze Schwert,180,-,(200)＊コツ０なし,-,-,180,1,-,160,"1,13",-,140,"1,29",-,130,"1,38",-,120,"1,5",-
10071,波乱注意砲！,240,-,固有,-,-,固有,-,-,固有,-,-,固有,-,-,固有,-,-,固有,-,-
10081,アクセルX,240,-,固有,-,-,固有,-,-,固有,-,-,固有,-,-,固有,-,-,固有,-,-
10091,レッドエース,240,-,固有,-,-,固有,-,-,固有,-,-,固有,-,-,固有,-,-,固有,-,-
10111,精神一到,240,-,固有,-,-,固有,-,-,固有,-,-,固有,-,-,固有,-,-,固有,-,-
10141,熱血☆アミーゴ,240,-,固有,-,-,固有,-,-,固有,-,-,固有,-,-,固有,-,-,固有,-,-
10181,エンプレス・プライド,240,-,固有,-,-,固有,-,-,固有,-,-,固有,-,-,固有,-,-,固有,-,-
10241,勝利のキッス☆,240,-,固有,-,-,固有,-,-,固有,-,-,固有,-,-,固有,-,-,固有,-,-
10271,燃えろ筋肉！,240,-,固有,-,-,固有,-,-,固有,-,-,固有,-,-,固有,-,-,固有,-,-
10321,introduction：My body,240,-,固有,-,-,固有,-,-,固有,-,-,固有,-,-,固有,-,-,固有,-,-
10351,全力Vサインッ！,240,-,固有,-,-,固有,-,-,固有,-,-,固有,-,-,固有,-,-,固有,-,-
10411,学級委員長+速さ＝バクシン,240,-,固有,-,-,固有,-,-,固有,-,-,固有,-,-,固有,-,-,固有,-,-
10451,クリアハート,240,-,固有,-,-,固有,-,-,固有,-,-,固有,-,-,固有,-,-,固有,-,-
10521,ワクワクよーいドン,240,-,固有,-,-,固有,-,-,固有,-,-,固有,-,-,固有,-,-,固有,-,-
10561,来てください来てください！,240,-,固有,-,-,固有,-,-,固有,-,-,固有,-,-,固有,-,-,固有,-,-
10601,アタシもたまには、ね？,240,-,固有,-,-,固有,-,-,固有,-,-,固有,-,-,固有,-,-,固有,-,-
10611,Call me KING,240,-,固有,-,-,固有,-,-,固有,-,-,固有,-,-,固有,-,-,固有,-,-
100011,シューティングスター,340,-,固有,-,-,固有,-,-,固有,-,-,固有,-,-,固有,-,-,固有,-,-
100021,先頭の景色は譲らない…！,340,-,固有,-,-,固有,-,-,固有,-,-,固有,-,-,固有,-,-,固有,-,-
100031,究極テイオーステップ,340,-,固有,-,-,固有,-,-,固有,-,-,固有,-,-,固有,-,-,固有,-,-
100041,紅焔ギア/LP1211-M,340,-,固有,-,-,固有,-,-,固有,-,-,固有,-,-,固有,-,-,固有,-,-
100051,煌星のヴォードヴィル,340,-,固有,-,-,固有,-,-,固有,-,-,固有,-,-,固有,-,-,固有,-,-
100061,勝利の鼓動,340,-,固有,-,-,固有,-,-,固有,-,-,固有,-,-,固有,-,-,固有,-,-
100071,不沈艦、抜錨ォッ！,340,-,固有,-,-,固有,-,-,固有,-,-,固有,-,-,固有,-,-,固有,-,-
100081,カッティング×DRIVE！,340,-,固有,-,-,固有,-,-,固有,-,-,固有,-,-,固有,-,-,固有,-,-
100091,ブリリアント・レッドエース,340,-,固有,-,-,固有,-,-,固有,-,-,固有,-,-,固有,-,-,固有,-,-
100101,ヴィクトリーショット！,340,-,固有,-,-,固有,-,-,固有,-,-,固有,-,-,固有,-,-,固有,-,-
100111,精神一到何事か成らざらん,340,-,固有,-,-,固有,-,-,固有,-,-,固有,-,-,固有,-,-,固有,-,-
100121,タイマン！デッドヒート！,340,-,固有,-,-,固有,-,-,固有,-,-,固有,-,-,固有,-,-,固有,-,-
100131,貴顕の使命を果たすべく,340,-,固有,-,-,固有,-,-,固有,-,-,固有,-,-,固有,-,-,固有,-,-
100141,プランチャ☆ガナドール,340,-,固有,-,-,固有,-,-,固有,-,-,固有,-,-,固有,-,-,固有,-,-
100151,ヴィットーリアに捧ぐ舞踏,340,-,固有,-,-,固有,-,-,固有,-,-,固有,-,-,固有,-,-,固有,-,-
100161,Shadow Break,240,-,固有,-,-,固有,-,-,固有,-,-,固有,-,-,固有,-,-,固有,-,-
100171,汝、皇帝の神威を見よ,340,-,固有,-,-,固有,-,-,固有,-,-,固有,-,-,固有,-,-,固有,-,-
100181,ブレイズ・オブ・プライド,340,-,固有,-,-,固有,-,-,固有,-,-,固有,-,-,固有,-,-,固有,-,-
100201,アングリング×スキーミング,340,-,固有,-,-,固有,-,-,固有,-,-,固有,-,-,固有,-,-,固有,-,-
100231,∴win Q.E.D.,340,-,固有,-,-,固有,-,-,固有,-,-,固有,-,-,固有,-,-,固有,-,-
100241,ひらめき☆ランディング,340,-,固有,-,-,固有,-,-,固有,-,-,固有,-,-,固有,-,-,固有,-,-
100261,G00 1st.F∞;,340,-,固有,-,-,固有,-,-,固有,-,-,固有,-,-,固有,-,-,固有,-,-
100271,レッツ・アナボリック！,340,-,固有,-,-,固有,-,-,固有,-,-,固有,-,-,固有,-,-,固有,-,-
100301,ブルーローズチェイサー,340,-,固有,-,-,固有,-,-,固有,-,-,固有,-,-,固有,-,-,固有,-,-
100321,U=ma2,340,-,固有,-,-,固有,-,-,固有,-,-,固有,-,-,固有,-,-,固有,-,-
100351,勝利のチケットを、君にッ！,340,-,固有,-,-,固有,-,-,固有,-,-,固有,-,-,固有,-,-,固有,-,-
100381,#LookatCurren,340,-,固有,-,-,固有,-,-,固有,-,-,固有,-,-,固有,-,-,固有,-,-
100401,KEEP IT REAL.,340,-,固有,-,-,固有,-,-,固有,-,-,固有,-,-,固有,-,-,固有,-,-
100411,優等生×バクシン＝大勝利ッ,340,-,固有,-,-,固有,-,-,固有,-,-,固有,-,-,固有,-,-,固有,-,-
100451,ピュリティオブハート,340,-,固有,-,-,固有,-,-,固有,-,-,固有,-,-,固有,-,-,固有,-,-
100461,キラキラ☆STARDOM,340,-,固有,-,-,固有,-,-,固有,-,-,固有,-,-,固有,-,-,固有,-,-
100501,Nemesis,340,-,固有,-,-,固有,-,-,固有,-,-,固有,-,-,固有,-,-,固有,-,-
100521,ワクワククライマックス,340,-,固有,-,-,固有,-,-,固有,-,-,固有,-,-,固有,-,-,固有,-,-
100561,来ます来てます来させます！,340,-,固有,-,-,固有,-,-,固有,-,-,固有,-,-,固有,-,-,固有,-,-
100581,I Never Goof Up!,340,-,固有,-,-,固有,-,-,固有,-,-,固有,-,-,固有,-,-,固有,-,-
100601,きっとその先へ…！,340,-,固有,-,-,固有,-,-,固有,-,-,固有,-,-,固有,-,-,固有,-,-
100611,Pride of KING,340,-,固有,-,-,固有,-,-,固有,-,-,固有,-,-,固有,-,-,固有,-,-
110011,わやかわ♪マリンダイヴ,340,-,固有,-,-,固有,-,-,固有,-,-,固有,-,-,固有,-,-,固有,-,-
110031,絶対は、ボクだ,340,-,固有,-,-,固有,-,-,固有,-,-,固有,-,-,固有,-,-,固有,-,-
110041,グッときて♪Chu,340,-,固有,-,-,固有,-,-,固有,-,-,固有,-,-,固有,-,-,固有,-,-
110111,ゲインヒール・スペリアー,340,-,固有,-,-,固有,-,-,固有,-,-,固有,-,-,固有,-,-,固有,-,-
110131,最強の名を懸けて,340,-,固有,-,-,固有,-,-,固有,-,-,固有,-,-,固有,-,-,固有,-,-
110141,コンドル猛撃波,340,-,固有,-,-,固有,-,-,固有,-,-,固有,-,-,固有,-,-,固有,-,-
110181,薫風、永遠なる瞬間を,340,-,固有,-,-,固有,-,-,固有,-,-,固有,-,-,固有,-,-,固有,-,-
110241,フラワリー☆マニューバ,340,-,固有,-,-,固有,-,-,固有,-,-,固有,-,-,固有,-,-,固有,-,-
200011,右回り◎,174,45,110,"0,87","0,41",99,"0,97","0,45",88,"1,09","0,51",77,"1,24","0,58",71,"1,35","0,63",66,"1,45","0,68"
200012,右回り○,129,-,90,"1,43",-,81,"1,59",-,72,"1,79",-,63,"2,05",-,58,"2,22",-,54,"2,39",-
200013,右回り×,-129,-,？,？,-,-,-,-,-,-,-,-,-,-,-,-,-,-,-,-
200021,左回り◎,174,45,110,"0,87","0,41",99,"0,97","0,45",88,"1,09","0,51",77,"1,24","0,58",71,"1,35","0,63",66,"1,45","0,68"
200022,左回り○,129,-,90,"1,43",-,81,"1,59",-,72,"1,79",-,63,"2,05",-,58,"2,22",-,54,"2,39",-
200023,左回り×,-129,-,？,？,-,-,-,-,-,-,-,-,-,-,-,-,-,-,-,-
200031,東京レース場◎,174,45,110,"0,87","0,41",99,"0,97","0,45",88,"1,09","0,51",77,"1,24","0,58",71,"1,35","0,63",66,"1,45","0,68"
200032,東京レース場○,129,-,90,"1,43",-,81,"1,59",-,72,"1,79",-,63,"2,05",-,58,"2,22",-,54,"2,39",-
200033,東京レース場×,-129,-,50,"-2,58",-,45,"-2,87",-,40,"-3,23",-,35,"-3,69",-,32,"-4,03",-,30,"-4,3",-
200041,中山レース場◎,174,45,110,"0,87","0,41",99,"0,97","0,45",88,"1,09","0,51",77,"1,24","0,58",71,"1,35","0,63",66,"1,45","0,68"
200042,中山レース場○,129,-,90,"1,43",-,81,"1,59",-,72,"1,79",-,63,"2,05",-,58,"2,22",-,54,"2,39",-
200043,中山レース場×,-129,-,50,"-2,58",-,45,"-2,87",-,40,"-3,23",-,35,"-3,69",-,32,"-4,03",-,30,"-4,3",-
200051,阪神レース場◎,174,45,110,"0,87","0,41",99,"0,97","0,45",88,"1,09","0,51",77,"1,24","0,58",71,"1,35","0,63",66,"1,45","0,68"
200052,阪神レース場○,129,-,90,"1,43",-,81,"1,59",-,72,"1,79",-,63,"2,05",-,58,"2,22",-,54,"2,39",-
200053,阪神レース場×,-129,-,？,？,-,-,-,-,-,-,-,-,-,-,-,-,-,-,-,-
200061,京都レース場◎,174,45,110,"0,87","0,41",99,"0,97","0,45",88,"1,09","0,51",77,"1,24","0,58",71,"1,35","0,63",66,"1,45","0,68"
200062,京都レース場○,129,-,90,"1,43",-,81,"1,59",-,72,"1,79",-,63,"2,05",-,58,"2,22",-,54,"2,39",-
200063,京都レース場×,-129,-,？,？,-,-,-,-,-,-,-,-,-,-,-,-,-,-,-,-
200071,中京レース場◎,174,45,110,"0,87","0,41",99,"0,97","0,45",88,"1,09","0,51",77,"1,24","0,58",71,"1,35","0,63",66,"1,45","0,68"
200072,中京レース場○,129,-,90,"1,43",-,81,"1,59",-,72,"1,79",-,63,"2,05",-,58,"2,22",-,54,"2,39",-
200073,中京レース場×,-129,-,？,？,-,-,-,-,-,-,-,-,-,-,-,-,-,-,-,-
200081,札幌レース場◎,174,45,90,"1,09","0,5",81,"1,21","0,56",72,"1,36","0,63",63,"1,55","0,71",58,"1,69","0,78",54,"1,81","0,83"
200082,札幌レース場○,129,-,70,"1,84",-,63,"2,05",-,56,"2,3",-,49,"2,63",-,45,"2,87",-,42,"3,07",-
200083,札幌レース場×,-129,-,？,？,-,-,-,-,-,-,-,-,-,-,-,-,-,-,-,-
200091,函館レース場◎,174,45,90,"1,09","0,5",81,"1,21","0,56",72,"1,36","0,63",63,"1,55","0,71",58,"1,69","0,78",54,"1,81","0,83"
200092,函館レース場○,129,-,70,"1,84",-,63,"2,05",-,56,"2,3",-,49,"2,63",-,45,"2,87",-,42,"3,07",-
200093,函館レース場×,-129,-,？,？,-,-,-,-,-,-,-,-,-,-,-,-,-,-,-,-
200101,福島レース場◎,174,-,未実装,-,-,未実装,-,-,未実装,-,-,未実装,-,-,未実装,-,-,未実装,-,-
200102,福島レース場○,129,-,未実装,-,-,未実装,-,-,未実装,-,-,未実装,-,-,未実装,-,-,未実装,-,-
200103,福島レース場×,-129,-,未実装,-,-,-,-,-,-,-,-,-,-,-,-,-,-,-,-,-
200111,新潟レース場◎,174,-,未実装,-,-,未実装,-,-,未実装,-,-,未実装,-,-,未実装,-,-,未実装,-,-
200112,新潟レース場○,129,-,未実装,-,-,未実装,-,-,未実装,-,-,未実装,-,-,未実装,-,-,未実装,-,-
200113,新潟レース場×,-129,-,未実装,-,-,-,-,-,-,-,-,-,-,-,-,-,-,-,-,-
200121,小倉レース場◎,174,45,90,"1,09","0,5",81,"1,21","0,56",72,"1,36","0,63",63,"1,55","0,71",58,"1,69","0,78",54,"1,81","0,83"
200122,小倉レース場○,129,-,70,"1,84",-,63,"2,05",-,56,"2,3",-,49,"2,63",-,45,"2,87",-,42,"3,07",-
200123,小倉レース場×,-129,-,50,"-2,58",-,45,"-2,87",-,40,"-3,23",-,35,"-3,69",-,32,"-4,03",-,30,"-4,3",-
200131,根幹距離◎,174,45,110,"0,87","0,41",99,"0,97","0,45",88,"1,09","0,51",77,"1,24","0,58",71,"1,35","0,63",66,"1,45","0,68"
200132,根幹距離○,129,-,90,"1,43",-,81,"1,59",-,72,"1,79",-,63,"2,05",-,58,"2,22",-,54,"2,39",-
200133,根幹距離×,-129,-,？,？,-,-,-,-,-,-,-,-,-,-,-,-,-,-,-,-
200141,非根幹距離◎,174,45,110,"0,87","0,41",99,"0,97","0,45",88,"1,09","0,51",77,"1,24","0,58",71,"1,35","0,63",66,"1,45","0,68"
200142,非根幹距離○,129,-,90,"1,43",-,81,"1,59",-,72,"1,79",-,63,"2,05",-,58,"2,22",-,54,"2,39",-
200143,非根幹距離×,-129,-,？,？,-,-,-,-,-,-,-,-,-,-,-,-,-,-,-,-
200151,良バ場◎,174,45,110,"0,87","0,41",99,"0,97","0,45",88,"1,09","0,51",77,"1,24","0,58",71,"1,35","0,63",66,"1,45","0,68"
200152,良バ場○,129,-,90,"1,43",-,81,"1,59",-,72,"1,79",-,63,"2,05",-,58,"2,22",-,54,"2,39",-
200153,良バ場×,-129,-,？,？,-,-,-,-,-,-,-,-,-,-,-,-,-,-,-,-
200161,道悪◎,174,45,110,"0,87","0,41",99,"0,97","0,45",88,"1,09","0,51",77,"1,24","0,58",71,"1,35","0,63",66,"1,45","0,68"
200162,道悪○,129,-,90,"1,43",-,81,"1,59",-,72,"1,79",-,63,"2,05",-,58,"2,22",-,54,"2,39",-
200163,道悪×,-129,-,？,？,-,-,-,-,-,-,-,-,-,-,-,-,-,-,-,-
200171,春ウマ娘◎,174,45,110,"0,87","0,41",99,"0,97","0,45",88,"1,09","0,51",77,"1,24","0,58",71,"1,35","0,63",66,"1,45","0,68"
200172,春ウマ娘○,129,-,90,"1,43",-,81,"1,59",-,72,"1,79",-,63,"2,05",-,58,"2,22",-,54,"2,39",-
200173,春ウマ娘×,-129,-,？,？,-,-,-,-,-,-,-,-,-,-,-,-,-,-,-,-
200181,夏ウマ娘◎,174,45,110,"0,87","0,41",99,"0,97","0,45",88,"1,09","0,51",77,"1,24","0,58",71,"1,35","0,63",66,"1,45","0,68"
200182,夏ウマ娘○,129,-,90,"1,43",-,81,"1,59",-,72,"1,79",-,63,"2,05",-,58,"2,22",-,54,"2,39",-
200183,夏ウマ娘×,-129,-,？,？,-,-,-,-,-,-,-,-,-,-,-,-,-,-,-,-
200191,秋ウマ娘◎,174,45,110,"0,87","0,41",99,"0,97","0,45",88,"1,09","0,51",77,"1,24","0,58",71,"1,35","0,63",66,"1,45","0,68"
200192,秋ウマ娘○,129,-,90,"1,43",-,81,"1,59",-,72,"1,79",-,63,"2,05",-,58,"2,22",-,54,"2,39",-
200193,秋ウマ娘×,-129,-,？,？,-,-,-,-,-,-,-,-,-,-,-,-,-,-,-,-
200201,冬ウマ娘◎,174,45,110,"0,87","0,41",99,"0,97","0,45",88,"1,09","0,51",77,"1,24","0,58",71,"1,35","0,63",66,"1,45","0,68"
200202,冬ウマ娘○,129,-,90,"1,43",-,81,"1,59",-,72,"1,79",-,63,"2,05",-,58,"2,22",-,54,"2,39",-
200203,冬ウマ娘×,-129,-,？,？,-,-,-,-,-,-,-,-,-,-,-,-,-,-,-,-
200211,晴れの日◎,174,45,110,"0,87","0,41",99,"0,97","0,45",88,"1,09","0,51",77,"1,24","0,58",71,"1,35","0,63",66,"1,45","0,68"
200212,晴れの日○,129,-,90,"1,43",-,81,"1,59",-,72,"1,79",-,63,"2,05",-,58,"2,22",-,54,"2,39",-
200221,曇りの日◎,174,45,110,"0,87","0,41",99,"0,97","0,45",88,"1,09","0,51",77,"1,24","0,58",71,"1,35","0,63",66,"1,45","0,68"
200222,曇りの日○,129,-,90,"1,43",-,81,"1,59",-,72,"1,79",-,63,"2,05",-,58,"2,22",-,54,"2,39",-
200231,雨の日◎,174,45,110,"0,87","0,41",99,"0,97","0,45",88,"1,09","0,51",77,"1,24","0,58",71,"1,35","0,63",66,"1,45","0,68"
200232,雨の日○,129,-,90,"1,43",-,81,"1,59",-,72,"1,79",-,63,"2,05",-,58,"2,22",-,54,"2,39",-
200233,雨の日×,-129,-,？,？,-,-,-,-,-,-,-,-,-,-,-,-,-,-,-,-
200241,雪の日◎,174,45,110,"0,87","0,41",99,"0,97","0,45",88,"1,09","0,51",77,"1,24","0,58",71,"1,35","0,63",66,"1,45","0,68"
200242,雪の日○,129,-,90,"1,43",-,81,"1,59",-,72,"1,79",-,63,"2,05",-,58,"2,22",-,54,"2,39",-
200251,内枠得意◎,174,45,110,"0,87","0,41",99,"0,97","0,45",88,"1,09","0,51",77,"1,24","0,58",71,"1,35","0,63",66,"1,45","0,68"
200252,内枠得意○,129,-,90,"1,43",-,81,"1,59",-,72,"1,79",-,63,"2,05",-,58,"2,22",-,54,"2,39",-
200253,内枠苦手,-129,-,-50,"2,58",-,-45,"2,87",-,-40,"3,23",-,-35,"3,69",-,-32,"4,03",-,-30,"4,3",-
200261,外枠得意◎,174,45,110,"0,87","0,41",99,"0,97","0,45",88,"1,09","0,51",77,"1,24","0,58",71,"1,35","0,63",66,"1,45","0,68"
200262,外枠得意○,129,-,90,"1,43",-,81,"1,59",-,72,"1,79",-,63,"2,05",-,58,"2,22",-,54,"2,39",-
200263,外枠苦手,-129,-,-50,"2,58",-,-45,"2,87",-,-40,"3,23",-,-35,"3,69",-,-32,"4,03",-,-30,"4,3",-
200271,おひとり様◎,174,45,110,"0,87","0,41",99,"0,97","0,45",88,"1,09","0,51",77,"1,24","0,58",71,"1,35","0,63",66,"1,45","0,68"
200272,おひとり様○,129,-,90,"1,43",-,81,"1,59",-,72,"1,79",-,63,"2,05",-,58,"2,22",-,54,"2,39",-
200281,対抗意識◎,174,45,110,"0,87","0,41",99,"0,97","0,45",88,"1,09","0,51",77,"1,24","0,58",71,"1,35","0,63",66,"1,45","0,68"
200282,対抗意識○,129,-,90,"1,43",-,81,"1,59",-,72,"1,79",-,63,"2,05",-,58,"2,22",-,54,"2,39",-
200283,引っ込み思案,-129,-,-50,"2,58",-,-45,"2,87",-,-40,"3,23",-,-35,"3,69",-,-32,"4,03",-,-30,"4,3",-
200291,徹底マーク◎,174,45,110,"0,87","0,41",99,"0,97","0,45",88,"1,09","0,51",77,"1,24","0,58",71,"1,35","0,63",66,"1,45","0,68"
200292,徹底マーク○,129,-,90,"1,43",-,81,"1,59",-,72,"1,79",-,63,"2,05",-,58,"2,22",-,54,"2,39",-
200301,伏兵◎,174,45,110,"0,87","0,41",99,"0,97","0,45",88,"1,09","0,51",77,"1,24","0,58",71,"1,35","0,63",66,"1,45","0,68"
200302,伏兵○,129,-,90,"1,43",-,81,"1,59",-,72,"1,79",-,63,"2,05",-,58,"2,22",-,54,"2,39",-
200311,GⅠ苦手,-129,-,？,？,-,-,-,-,-,-,-,-,-,-,-,-,-,-,-,-
200321,小心者,-129,-,-50,"2,58",-,-45,"2,87",-,-40,"3,23",-,-35,"3,69",-,-32,"4,03",-,-30,"4,3",-
200331,弧線のプロフェッサー,508,291,180,"1,41","1,62",162,"1,57","1,8",144,"1,76","2,02",126,"2,02","2,31",117,"2,17","2,49",108,"2,35","2,69"
200332,コーナー巧者○,217,-,180,"1,21",-,162,"1,34",-,144,"1,51",-,126,"1,72",-,117,"1,85",-,108,"2,01",-
200333,コーナー巧者×,-262,-,？,？,-,-,-,-,-,-,-,-,-,-,-,-,-,-,-,-
200341,曲線のソムリエ,508,291,180,"1,41","1,62",162,"1,57","1,8",144,"1,76","2,02",126,"2,02","2,31",117,"2,17","2,49",108,"2,35","2,69"
200342,コーナー加速○,217,-,180,"1,21",-,162,"1,34",-,144,"1,51",-,126,"1,72",-,117,"1,85",-,108,"2,01",-
200343,コーナー加速×,-262,-,？,？,-,-,-,-,-,-,-,-,-,-,-,-,-,-,-,-
200351,円弧のマエストロ,508,291,170,"1,49","1,71",153,"1,66","1,9",136,"1,87","2,14",119,"2,13","2,45",110,"2,31","2,65",102,"2,49","2,85"
200352,コーナー回復○,217,-,170,"1,28",-,153,"1,42",-,136,"1,6",-,119,"1,82",-,110,"1,97",-,102,"2,13",-
200353,コーナー回復×,-262,-,？,？,-,-,-,-,-,-,-,-,-,-,-,-,-,-,-,-
200361,ハヤテ一文字,508,291,170,"1,49","1,71",153,"1,66","1,9",136,"1,87","2,14",119,"2,13","2,45",110,"2,31","2,65",102,"2,49","2,85"
200362,直線巧者,217,-,170,"1,28",-,153,"1,42",-,136,"1,6",-,119,"1,82",-,110,"1,97",-,102,"2,13",-
200371,一陣の風,508,291,170,"1,49","1,71",153,"1,66","1,9",136,"1,87","2,14",119,"2,13","2,45",110,"2,31","2,65",102,"2,49","2,85"
200372,直線加速,217,-,170,"1,28",-,153,"1,42",-,136,"1,6",-,119,"1,82",-,110,"1,97",-,102,"2,13",-
200381,好転一息,508,291,170,"1,49","1,71",153,"1,66","1,9",136,"1,87","2,14",119,"2,13","2,45",110,"2,31","2,65",102,"2,49","2,85"
200382,直線回復,217,-,170,"1,28",-,153,"1,42",-,136,"1,6",-,119,"1,82",-,110,"1,97",-,102,"2,13",-
200391,坂苦手,-262,-,？,？,-,-,-,-,-,-,-,-,-,-,-,-,-,-,-,-
200401,バ群嫌い,-262,-,？,？,-,-,-,-,-,-,-,-,-,-,-,-,-,-,-,-
200411,あきらめ癖,-262,-,？,？,-,-,-,-,-,-,-,-,-,-,-,-,-,-,-,-
200421,手抜き癖,-262,-,？,？,-,-,-,-,-,-,-,-,-,-,-,-,-,-,-,-
200431,コンセントレーション,394,265,140,"1,41","1,89",126,"1,56","2,1",112,"1,76","2,37",98,"2,01","2,7",91,"2,16","2,91",84,"2,35","3,15"
200432,集中力,129,-,140,"0,92",-,126,"1,02",-,112,"1,15",-,98,"1,32",-,91,"1,42",-,84,"1,54",-
200433,ゲート難,-174,-,？,？,-,-,-,-,-,-,-,-,-,-,-,-,-,-,-,-
200441,鋼の意志,508,291,160,"1,59","1,82",144,"1,76","2,02",128,"1,98","2,27",112,"2,27","2,6",104,"2,44","2,8",96,"2,65","3,03"
200442,隠れ蓑,217,-,160,"1,36",-,144,"1,51",-,128,"1,7",-,112,"1,94",-,104,"2,09",-,96,"2,26",-
200451,注目の踊り子,334,205,120,"1,39","1,71",108,"1,55","1,9",96,"1,74","2,14",84,"1,99","2,44",78,"2,14","2,63",72,"2,32","2,85"
200452,ポジションセンス,129,-,120,"1,08",-,108,"1,19",-,96,"1,34",-,84,"1,54",-,78,"1,65",-,72,"1,79",-
200461,アガッてきた！,508,-,170,"1,49","1,71",153,"1,66","1,9",136,"1,87","2,14",119,"2,13","2,45",110,"2,31","2,65",102,"2,49","2,85"
200462,ペースアップ,217,-,170,"1,28",-,153,"1,42",-,136,"1,6",-,119,"1,82",-,110,"1,97",-,102,"2,13",-
200471,不屈の心,508,291,170,"1,49","1,71",153,"1,66","1,9",136,"1,87","2,14",119,"2,13","2,45",110,"2,31","2,65",102,"2,49","2,85"
200472,ペースキープ,217,-,170,"1,28",-,153,"1,42",-,136,"1,6",-,119,"1,82",-,110,"1,97",-,102,"2,13",-
200481,どこ吹く風,508,291,170,"1,49","1,71",153,"1,66","1,9",136,"1,87","2,14",119,"2,13","2,45",110,"2,31","2,65",102,"2,49","2,85"
200482,ウマ込み冷静,217,-,170,"1,28",-,153,"1,42",-,136,"1,6",-,119,"1,82",-,110,"1,97",-,102,"2,13",-
200491,ノンストップガール,394,220,150,"1,31","1,47",135,"1,46","1,63",120,"1,64","1,83",105,"1,88","2,1",97,"2,03","2,27",90,"2,19","2,44"
200492,垂れウマ回避,174,-,150,"1,16",-,135,"1,29",-,120,"1,45",-,105,"1,66",-,97,"1,79",-,90,"1,93",-
200501,レーンの魔術師,334,205,120,"1,39","1,71",108,"1,55","1,9",96,"1,74","2,14",84,"1,99","2,44",78,"2,14","2,63",72,"2,32","2,85"
200502,臨機応変,129,-,120,"1,08",-,108,"1,19",-,96,"1,34",-,84,"1,54",-,78,"1,65",-,72,"1,79",-
200511,全身全霊,508,291,170,"1,49","1,71",153,"1,66","1,9",136,"1,87","2,14",119,"2,13","2,45",110,"2,31","2,65",102,"2,49","2,85"
200512,末脚,217,-,170,"1,28",-,153,"1,42",-,136,"1,6",-,119,"1,82",-,110,"1,97",-,102,"2,13",-
200521,空回り,-262,-,100,"-2,62",-,90,-,-,80,-,-,70,-,-,65,-,-,60,-,-
200531,先手必勝,334,117,120,"1,39","0,98",108,"1,55","1,08",96,"1,74","1,22",84,"1,99","1,39",78,"2,14","1,5",72,"2,32","1,63"
200532,先駆け,217,-,120,"1,81",-,108,"2,01",-,96,"2,26",-,84,"2,58",-,78,"2,78",-,72,"3,01",-
200541,脱出術,508,291,180,"1,41","1,62",162,"1,57","1,8",144,"1,76","2,02",126,"2,02","2,31",117,"2,17","2,49",108,"2,35","2,69"
200542,急ぎ足,217,-,180,"1,21",-,162,"1,34",-,144,"1,51",-,126,"1,72",-,117,"1,85",-,108,"2,01",-
200551,逃亡者,508,291,180,"1,41","1,62",162,"1,57","1,8",144,"1,76","2,02",126,"2,02","2,31",117,"2,17","2,49",108,"2,35","2,69"
200552,押し切り準備,217,-,180,"1,21",-,162,"1,34",-,144,"1,51",-,126,"1,72",-,117,"1,85",-,108,"2,01",-
200561,余裕綽々,508,291,180,"1,41","1,62",162,"1,57","1,8",144,"1,76","2,02",126,"2,02","2,31",117,"2,17","2,49",108,"2,35","2,69"
200562,スタミナキープ,217,-,180,"1,21",-,162,"1,34",-,144,"1,51",-,126,"1,72",-,117,"1,85",-,108,"2,01",-
200571,レースプランナー,508,291,180,"1,41","1,62",162,"1,57","1,8",144,"1,76","2,02",126,"2,02","2,31",117,"2,17","2,49",108,"2,35","2,69"
200572,好位追走,217,-,180,"1,21",-,162,"1,34",-,144,"1,51",-,126,"1,72",-,117,"1,85",-,108,"2,01",-
200581,スピードスター,508,291,180,"1,41","1,62",162,"1,57","1,8",144,"1,76","2,02",126,"2,02","2,31",117,"2,17","2,49",108,"2,35","2,69"
200582,抜け出し準備,217,-,180,"1,21",-,162,"1,34",-,144,"1,51",-,126,"1,72",-,117,"1,85",-,108,"2,01",-
200591,迅速果断,508,291,180,"1,41","1,62",162,"1,57","1,8",144,"1,76","2,02",126,"2,02","2,31",117,"2,17","2,49",108,"2,35","2,69"
200592,位置取り押し上げ,217,-,180,"1,21",-,162,"1,34",-,144,"1,51",-,126,"1,72",-,117,"1,85",-,108,"2,01",-
200601,乗り換え上手,508,291,180,"1,41","1,62",162,"1,57","1,8",144,"1,76","2,02",126,"2,02","2,31",117,"2,17","2,49",108,"2,35","2,69"
200602,差し切り体勢,217,-,180,"1,21",-,162,"1,34",-,144,"1,51",-,126,"1,72",-,117,"1,85",-,108,"2,01",-
200611,昇り龍,508,291,160,"1,59","1,82",144,"1,76","2,02",128,"1,98","2,27",112,"2,27","2,6",104,"2,44","2,8",96,"2,65","3,03"
200612,外差し準備,217,-,160,"1,36",-,144,"1,51",-,128,"1,7",-,112,"1,94",-,104,"2,09",-,96,"2,26",-
200621,眠れる獅子,508,291,180,"1,41","1,62",162,"1,57","1,8",144,"1,76","2,02",126,"2,02","2,31",117,"2,17","2,49",108,"2,35","2,69"
200622,後方待機,217,-,180,"1,21",-,162,"1,34",-,144,"1,51",-,126,"1,72",-,117,"1,85",-,108,"2,01",-
200631,疾風怒濤,508,-,未実装,-,-,未実装,-,-,未実装,-,-,未実装,-,-,未実装,-,-,未実装,-,-
200632,仕掛け抜群,217,-,180,"1,21",-,162,"1,34",-,144,"1,51",-,126,"1,72",-,117,"1,85",-,108,"2,01",-
200641,迫る影,508,291,180,"1,41","1,62",162,"1,57","1,8",144,"1,76","2,02",126,"2,02","2,31",117,"2,17","2,49",108,"2,35","2,69"
200642,直線一気,217,-,180,"1,21",-,162,"1,34",-,144,"1,51",-,126,"1,72",-,117,"1,85",-,108,"2,01",-
200651,スプリントターボ,508,291,160,"1,59","1,82",144,"1,76","2,02",128,"1,98","2,27",112,"2,27","2,6",104,"2,44","2,8",96,"2,65","3,03"
200652,スプリントギア,217,-,160,"1,36",-,144,"1,51",-,128,"1,7",-,112,"1,94",-,104,"2,09",-,96,"2,26",-
200662,様子見,217,-,160,"1,36",-,144,"1,51",-,128,"1,7",-,112,"1,94",-,104,"2,09",-,96,"2,26",-
200671,電撃の煌めき,508,291,160,"1,59","1,82",144,"1,76","2,02",128,"1,98","2,27",112,"2,27","2,6",104,"2,44","2,8",96,"2,65","3,03"
200672,詰め寄り,217,-,160,"1,36",-,144,"1,51",-,128,"1,7",-,112,"1,94",-,104,"2,09",-,96,"2,26",-
200681,マイルの支配者,508,291,160,"1,59","1,82",144,"1,76","2,02",128,"1,98","2,27",112,"2,27","2,6",104,"2,44","2,8",96,"2,65","3,03"
200682,積極策,217,-,160,"1,36",-,144,"1,51",-,128,"1,7",-,112,"1,94",-,104,"2,09",-,96,"2,26",-
200691,慧眼,508,291,160,"1,59","1,82",144,"1,76","2,02",128,"1,98","2,27",112,"2,27","2,6",104,"2,44","2,8",96,"2,65","3,03"
200692,展開窺い,217,-,160,"1,36",-,144,"1,51",-,128,"1,7",-,112,"1,94",-,104,"2,09",-,96,"2,26",-
200701,豪脚,508,291,160,"1,59","1,82",144,"1,76","2,02",128,"1,98","2,27",112,"2,27","2,6",104,"2,44","2,8",96,"2,65","3,03"
200702,上昇気流,217,-,160,"1,36",-,144,"1,51",-,128,"1,7",-,112,"1,94",-,104,"2,09",-,96,"2,26",-
200711,切り開く者,508,291,160,"1,59","1,82",144,"1,76","2,02",128,"1,98","2,27",112,"2,27","2,6",104,"2,44","2,8",96,"2,65","3,03"
200712,前途洋々,217,-,160,"1,36",-,144,"1,51",-,128,"1,7",-,112,"1,94",-,104,"2,09",-,96,"2,26",-
200721,キラーチューン,508,291,160,"1,59","1,82",144,"1,76","2,02",128,"1,98","2,27",112,"2,27","2,6",104,"2,44","2,8",96,"2,65","3,03"
200722,テンポアップ,217,-,160,"1,36",-,144,"1,51",-,128,"1,7",-,112,"1,94",-,104,"2,09",-,96,"2,26",-
200731,勝利への執念,508,291,160,"1,59","1,82",144,"1,76","2,02",128,"1,98","2,27",112,"2,27","2,6",104,"2,44","2,8",96,"2,65","3,03"
200732,食い下がり,217,-,160,"1,36",-,144,"1,51",-,128,"1,7",-,112,"1,94",-,104,"2,09",-,96,"2,26",-
200741,クールダウン,508,291,160,"1,59","1,82",144,"1,76","2,02",128,"1,98","2,27",112,"2,27","2,6",104,"2,44","2,8",96,"2,65","3,03"
200742,深呼吸,217,-,160,"1,36",-,144,"1,51",-,128,"1,7",-,112,"1,94",-,104,"2,09",-,96,"2,26",-
200751,内的体験,508,-,未実装,-,-,未実装,-,-,未実装,-,-,未実装,-,-,未実装,-,-,未実装,-,-
200752,内弁慶,217,-,160,"1,36",-,144,"1,51",-,128,"1,7",-,112,"1,94",-,104,"2,09",-,96,"2,26",-
200761,火事場のバ鹿力,508,291,160,"1,59","1,82",144,"1,76","2,02",128,"1,98","2,27",112,"2,27","2,6",104,"2,44","2,8",96,"2,65","3,03"
200762,別腹タンク,217,-,160,"1,36",-,144,"1,51",-,128,"1,7",-,112,"1,94",-,104,"2,09",-,96,"2,26",-
200771,トリック（前）,217,,140,"1,55",,126,"1,72",,112,"1,94",,98,"2,21",,91,"2,38",,84,"2,58",
200781,トリック（後）,217,-,140,"1,55",-,126,"1,72",-,112,"1,94",-,98,"2,21",-,91,"2,38",-,84,"2,58",-
200791,逃げ駆け引き,174,-,130,"1,34",-,117,"1,49",-,104,"1,67",-,91,"1,91",-,84,"2,07",-,78,"2,23",-
200801,先行駆け引き,174,-,130,"1,34",-,117,"1,49",-,104,"1,67",-,91,"1,91",-,84,"2,07",-,78,"2,23",-
200811,差し駆け引き,174,-,130,"1,34",-,117,"1,49",-,104,"1,67",-,91,"1,91",-,84,"2,07",-,78,"2,23",-
200821,追込駆け引き,174,-,130,"1,34",-,117,"1,49",-,104,"1,67",-,91,"1,91",-,84,"2,07",-,78,"2,23",-
200831,逃げけん制,217,-,130,"1,67",-,117,"1,85",-,104,"2,09",-,91,"2,38",-,84,"2,58",-,78,"2,78",-
200841,逃げ焦り,217,-,130,"1,67",-,117,"1,85",-,104,"2,09",-,91,"2,38",-,84,"2,58",-,78,"2,78",-
200851,逃げためらい,217,-,130,"1,67",-,117,"1,85",-,104,"2,09",-,91,"2,38",-,84,"2,58",-,78,"2,78",-
200861,先行けん制,217,-,130,"1,67",-,117,"1,85",-,104,"2,09",-,91,"2,38",-,84,"2,58",-,78,"2,78",-
200871,先行焦り,217,-,130,"1,67",-,117,"1,85",-,104,"2,09",-,91,"2,38",-,84,"2,58",-,78,"2,78",-
200881,先行ためらい,217,-,130,"1,67",-,117,"1,85",-,104,"2,09",-,91,"2,38",-,84,"2,58",-,78,"2,78",-
200891,差しけん制,217,-,130,"1,67",-,117,"1,85",-,104,"2,09",-,91,"2,38",-,84,"2,58",-,78,"2,78",-
200901,差し焦り,217,-,130,"1,67",-,117,"1,85",-,104,"2,09",-,91,"2,38",-,84,"2,58",-,78,"2,78",-
200911,差しためらい,217,-,130,"1,67",-,117,"1,85",-,104,"2,09",-,91,"2,38",-,84,"2,58",-,78,"2,78",-
200921,追込けん制,217,-,130,"1,67",-,117,"1,85",-,104,"2,09",-,91,"2,38",-,84,"2,58",-,78,"2,78",-
200931,追込焦り,217,-,130,"1,67",-,117,"1,85",-,104,"2,09",-,91,"2,38",-,84,"2,58",-,78,"2,78",-
200941,追込ためらい,217,-,130,"1,67",-,117,"1,85",-,104,"2,09",-,91,"2,38",-,84,"2,58",-,78,"2,78",-
200951,大井レース場◎,174,45,110,"0,87","0,41",99,"0,97","0,45",88,"1,09","0,51",77,"1,24","0,58",71,"1,35","0,63",66,"1,45","0,68"
200952,大井レース場○,129,-,90,"1,43",-,81,"1,59",-,72,"1,79",-,63,"2,05",-,58,"2,22",-,54,"2,39",-
200953,大井レース場×,-129,-,？,？,-,-,-,-,-,-,-,-,-,-,-,-,-,-,-,-
200961,短距離直線◎,262,45,110,"1,25","0,41",99,"1,39","0,45",88,"1,56","0,51",77,"1,78","0,58",71,"1,93","0,63",66,"2,08","0,68"
200962,短距離直線○,217,-,100,"2,17",-,90,"2,41",-,80,"2,71",-,70,"3,1",-,65,"3,34",-,60,"3,62",-
200971,短距離コーナー◎,262,45,110,"1,25","0,41",99,"1,39","0,45",88,"1,56","0,51",77,"1,78","0,58",71,"1,93","0,63",66,"2,08","0,68"
200972,短距離コーナー○,217,-,100,"2,17",-,90,"2,41",-,80,"2,71",-,70,"3,1",-,65,"3,34",-,60,"3,62",-
200981,圧倒的リード,508,246,170,"1,49","1,45",153,"1,66","1,61",136,"1,87","1,81",119,"2,13","2,07",110,"2,31","2,24",102,"2,49","2,41"
200982,大きなリード,262,-,170,"1,54",-,153,"1,71",-,136,"1,93",-,119,"2,2",-,110,"2,38",-,102,"2,57",-
200991,プランX,508,291,160,"1,59","1,82",144,"1,76","2,02",128,"1,98","2,27",112,"2,27","2,6",104,"2,44","2,8",96,"2,65","3,03"
200992,善後策,217,-,160,"1,36",-,144,"1,51",-,128,"1,7",-,112,"1,94",-,104,"2,09",-,96,"2,26",-
201001,準備万全！,394,-,未実装,-,-,未実装,-,-,未実装,-,-,未実装,-,-,未実装,-,-,未実装,-,-
201002,仕掛け準備,174,-,140,"1,24",-,126,"1,38",-,112,"1,55",-,98,"1,78",-,91,"1,91",-,84,"2,07",-
201011,悩殺術,508,246,170,"1,49","1,45",153,"1,66","1,61",136,"1,87","1,81",119,"2,13","2,07",110,"2,31","2,24",102,"2,49","2,41"
201012,後方釘付,262,-,170,"1,54",-,153,"1,71",-,136,"1,93",-,119,"2,2",-,110,"2,38",-,102,"2,57",-
201021,逃亡禁止令,508,-,未実装,-,-,未実装,-,-,未実装,-,-,未実装,-,-,未実装,-,-,未実装,-,-
201022,抜け駆け禁止,262,-,170,"1,54",-,153,"1,71",-,136,"1,93",-,119,"2,2",-,110,"2,38",-,102,"2,57",-
201031,マイル直線◎,262,45,110,"1,25","0,41",99,"1,39","0,45",88,"1,56","0,51",77,"1,78","0,58",71,"1,93","0,63",66,"2,08","0,68"
201032,マイル直線○,217,-,100,"2,17",-,90,"2,41",-,80,"2,71",-,70,"3,1",-,65,"3,34",-,60,"3,62",-
201041,マイルコーナー◎,262,45,110,"1,25","0,41",99,"1,39","0,45",88,"1,56","0,51",77,"1,78","0,58",71,"1,93","0,63",66,"2,08","0,68"
201042,マイルコーナー○,217,-,100,"2,17",-,90,"2,41",-,80,"2,71",-,70,"3,1",-,65,"3,34",-,60,"3,62",-
201051,ギアチェンジ,508,291,160,"1,59","1,82",144,"1,76","2,02",128,"1,98","2,27",112,"2,27","2,6",104,"2,44","2,8",96,"2,65","3,03"
201052,ギアシフト,217,-,160,"1,36",-,144,"1,51",-,128,"1,7",-,112,"1,94",-,104,"2,09",-,96,"2,26",-
201061,アクセル全開！,508,291,160,"1,59","1,82",144,"1,76","2,02",128,"1,98","2,27",112,"2,27","2,6",104,"2,44","2,8",96,"2,65","3,03"
201062,アクセラレーション,217,-,160,"1,36",-,144,"1,51",-,128,"1,7",-,112,"1,94",-,104,"2,09",-,96,"2,26",-
201071,姉御肌,334,117,120,"1,39","0,98",108,"1,55","1,08",96,"1,74","1,22",84,"1,99","1,39",78,"2,14","1,5",72,"2,32","1,63"
201072,負けん気,217,-,120,"1,81",-,108,"2,01",-,96,"2,26",-,84,"2,58",-,78,"2,78",-,72,"3,01",-
201081,スピードグリード,461,-,未実装,-,-,未実装,-,-,未実装,-,-,未実装,-,-,未実装,-,-,未実装,-,-
201082,スピードイーター,217,-,160,"1,36",-,144,"1,51",-,128,"1,7",-,112,"1,94",-,104,"2,09",-,96,"2,26",-
201091,布陣,508,-,未実装,-,-,未実装,-,-,未実装,-,-,未実装,-,-,未実装,-,-,未実装,-,-
201092,布石,217,-,160,"1,36",-,144,"1,51",-,128,"1,7",-,112,"1,94",-,104,"2,09",-,96,"2,26",-
201101,中距離直線◎,262,45,110,"1,25","0,41",99,"1,39","0,45",88,"1,56","0,51",77,"1,78","0,58",71,"1,93","0,63",66,"2,08","0,68"
201102,中距離直線○,217,-,100,"2,17",-,90,"2,41",-,80,"2,71",-,70,"3,1",-,65,"3,34",-,60,"3,62",-
201111,中距離コーナー◎,262,45,110,"1,25","0,41",99,"1,39","0,45",88,"1,56","0,51",77,"1,78","0,58",71,"1,93","0,63",66,"2,08","0,68"
201112,中距離コーナー○,217,-,100,"2,17",-,90,"2,41",-,80,"2,71",-,70,"3,1",-,65,"3,34",-,60,"3,62",-
201121,千里眼,334,205,110,"1,52","1,86",99,"1,69","2,07",88,"1,9","2,33",77,"2,17","2,66",71,"2,35","2,89",66,"2,53","3,11"
201122,ホークアイ,129,-,110,"1,17",-,99,"1,3",-,88,"1,47",-,77,"1,68",-,71,"1,82",-,66,"1,95",-
201131,ライトニングステップ,394,220,140,"1,41","1,57",126,"1,56","1,75",112,"1,76","1,96",98,"2,01","2,24",91,"2,16","2,42",84,"2,35","2,62"
201132,イナズマステップ,174,-,140,"1,24",-,126,"1,38",-,112,"1,55",-,98,"1,78",-,91,"1,91",-,84,"2,07",-
201141,神業ステップ,508,-,未実装,-,-,未実装,-,-,未実装,-,-,未実装,-,-,未実装,-,-,未実装,-,-
201142,軽やかステップ,217,-,160,"1,36",-,144,"1,51",-,128,"1,7",-,112,"1,94",-,104,"2,09",-,96,"2,26",-
201151,独占力,508,291,160,"1,59","1,82",144,"1,76","2,02",128,"1,98","2,27",112,"2,27","2,6",104,"2,44","2,8",96,"2,65","3,03"
201152,束縛,217,-,160,"1,36",-,144,"1,51",-,128,"1,7",-,112,"1,94",-,104,"2,09",-,96,"2,26",-
201161,魅惑のささやき,508,291,160,"1,59","1,82",144,"1,76","2,02",128,"1,98","2,27",112,"2,27","2,6",104,"2,44","2,8",96,"2,65","3,03"
201162,ささやき,217,-,160,"1,36",-,144,"1,51",-,128,"1,7",-,112,"1,94",-,104,"2,09",-,96,"2,26",-
201171,長距離直線◎,262,45,110,"1,25","0,41",99,"1,39","0,45",88,"1,56","0,51",77,"1,78","0,58",71,"1,93","0,63",66,"2,08","0,68"
201172,長距離直線○,217,-,100,"2,17",-,90,"2,41",-,80,"2,71",-,70,"3,1",-,65,"3,34",-,60,"3,62",-
201181,長距離コーナー◎,262,45,110,"1,25","0,41",99,"1,39","0,45",88,"1,56","0,51",77,"1,78","0,58",71,"1,93","0,63",66,"2,08","0,68"
201182,長距離コーナー○,217,-,100,"2,17",-,90,"2,41",-,80,"2,71",-,70,"3,1",-,65,"3,34",-,60,"3,62",-
201191,先陣の心得,508,291,160,"1,59","1,82",144,"1,76","2,02",128,"1,98","2,27",112,"2,27","2,6",104,"2,44","2,8",96,"2,65","3,03"
201192,リードキープ,217,-,160,"1,36",-,144,"1,51",-,128,"1,7",-,112,"1,94",-,104,"2,09",-,96,"2,26",-
201202,パス上手,217,-,160,"1,36",-,144,"1,51",-,128,"1,7",-,112,"1,94",-,104,"2,09",-,96,"2,26",-
201211,怒涛の追い上げ,508,-,未実装,-,-,未実装,-,-,未実装,-,-,未実装,-,-,未実装,-,-,未実装,-,-
201212,追い上げ,217,-,160,"1,36",-,144,"1,51",-,128,"1,7",-,112,"1,94",-,104,"2,09",-,96,"2,26",-
201221,スタミナグリード,461,-,未実装,-,-,未実装,-,-,未実装,-,-,未実装,-,-,未実装,-,-,未実装,-,-
201222,スタミナイーター,217,-,160,"1,36",-,144,"1,51",-,128,"1,7",-,112,"1,94",-,104,"2,09",-,96,"2,26",-
201231,奇術師,334,205,110,"1,52","1,86",99,"1,69","2,07",88,"1,9","2,33",77,"2,17","2,66",71,"2,35","2,89",66,"2,53","3,11"
201232,目くらまし,129,-,110,"1,17",-,99,"1,3",-,88,"1,47",-,77,"1,68",-,71,"1,82",-,66,"1,95",-
201241,逃げ直線◎,262,45,140,"0,97","0,32",126,"1,08","0,36",112,"1,21","0,4",98,"1,39","0,46",91,"1,5","0,49",84,"1,62","0,54"
201242,逃げ直線○,217,-,130,"1,67",-,117,"1,85",-,104,"2,09",-,91,"2,38",-,84,"2,58",-,78,"2,78",-
201251,逃げコーナー◎,262,45,140,"0,97","0,32",126,"1,08","0,36",112,"1,21","0,4",98,"1,39","0,46",91,"1,5","0,49",84,"1,62","0,54"
201252,逃げコーナー○,217,-,130,"1,67",-,117,"1,85",-,104,"2,09",-,91,"2,38",-,84,"2,58",-,78,"2,78",-
201261,シックスセンス,334,205,110,"1,52","1,86",99,"1,69","2,07",88,"1,9","2,33",77,"2,17","2,66",71,"2,35","2,89",66,"2,53","3,11"
201262,危険回避,129,-,110,"1,17",-,99,"1,3",-,88,"1,47",-,77,"1,68",-,71,"1,82",-,66,"1,95",-
201272,先頭プライド,217,-,180,"1,21",-,162,"1,34",-,144,"1,51",-,126,"1,72",-,117,"1,85",-,108,"2,01",-
201281,じゃじゃウマ娘,508,291,180,"1,41","1,62",162,"1,57","1,8",144,"1,76","2,02",126,"2,02","2,31",117,"2,17","2,49",108,"2,35","2,69"
201282,勢い任せ,217,-,180,"1,21",-,162,"1,34",-,144,"1,51",-,126,"1,72",-,117,"1,85",-,108,"2,01",-
201291,再燃焼,508,-,未実装,-,-,未実装,-,-,未実装,-,-,未実装,-,-,未実装,-,-,未実装,-,-
201292,二の矢,217,-,180,"1,21",-,162,"1,34",-,144,"1,51",-,126,"1,72",-,117,"1,85",-,108,"2,01",-
201302,リスタート,217,-,130,"1,67",-,117,"1,85",-,104,"2,09",-,91,"2,38",-,84,"2,58",-,78,"2,78",-
201311,先行直線◎,262,45,140,"0,97","0,32",126,"1,08","0,36",112,"1,21","0,4",98,"1,39","0,46",91,"1,5","0,49",84,"1,62","0,54"
201312,先行直線○,217,-,130,"1,67",-,117,"1,85",-,104,"2,09",-,91,"2,38",-,84,"2,58",-,78,"2,78",-
201321,先行コーナー◎,262,45,140,"0,97","0,32",126,"1,08","0,36",112,"1,21","0,4",98,"1,39","0,46",91,"1,5","0,49",84,"1,62","0,54"
201322,先行コーナー○,217,-,130,"1,67",-,117,"1,85",-,104,"2,09",-,91,"2,38",-,84,"2,58",-,78,"2,78",-
201331,技巧派,334,117,120,"2,78","0,98",108,"3,09","1,08",96,"3,48","1,22",84,"3,98","1,39",78,"4,28","1,5",72,"4,64","1,63"
201332,巧みなステップ,217,-,120,"1,81",-,108,"2,01",-,96,"2,26",-,84,"2,58",-,78,"2,78",-,72,"3,01",-
201341,決意の直滑降,334,117,120,"1,39","0,98",108,"1,55","1,08",96,"1,74","1,22",84,"1,99","1,39",78,"2,14","1,5",72,"2,32","1,63"
201342,直滑降,217,-,120,"1,81",-,108,"2,01",-,96,"2,26",-,84,"2,58",-,78,"2,78",-,72,"3,01",-
201351,食いしん坊,508,"1,62",180,"1,41","1,62",162,"1,57","1,8",144,"1,76","2,02",126,"2,02","2,31",117,"2,17","2,49",108,"2,35","2,69"
201352,栄養補給,217,-,180,"1,21",-,162,"1,34",-,144,"1,51",-,126,"1,72",-,117,"1,85",-,108,"2,01",-
201361,くじけぬ精神,334,-,未実装,-,-,未実装,-,-,未実装,-,-,未実装,-,-,未実装,-,-,未実装,-,-
201362,まき直し,217,-,120,"1,81",-,108,"2,01",-,96,"2,26",-,84,"2,58",-,78,"2,78",-,72,"3,01",-
201371,幻惑のかく乱,334,249,110,"1,52","2,26",99,"1,69","2,52",88,"1,9","2,83",77,"2,17","3,23",71,"2,35","3,51",66,"2,53","3,77"
201372,かく乱,85,-,110,"0,77",-,99,"0,86",-,88,"0,97",-,77,"1,1",-,71,"1,2",-,66,"1,29",-
201381,差し直線◎,262,45,140,"0,97","0,32",126,"1,08","0,36",112,"1,21","0,4",98,"1,39","0,46",91,"1,5","0,49",84,"1,62","0,54"
201382,差し直線○,217,-,130,"1,67",-,117,"1,85",-,104,"2,09",-,91,"2,38",-,84,"2,58",-,78,"2,78",-
201391,差しコーナー◎,262,45,140,"0,97","0,32",126,"1,08","0,36",112,"1,21","0,4",98,"1,39","0,46",91,"1,5","0,49",84,"1,62","0,54"
201392,差しコーナー○,217,-,130,"1,67",-,117,"1,85",-,104,"2,09",-,91,"2,38",-,84,"2,58",-,78,"2,78",-
201401,努力家,334,117,120,"2,78","0,98",108,"3,09","1,08",96,"3,48","1,22",84,"3,98","1,39",78,"4,28","1,5",72,"4,64","1,63"
201402,がんばり屋,217,-,120,"1,81",-,108,"2,01",-,96,"2,26",-,84,"2,58",-,78,"2,78",-,72,"3,01",-
201411,百万バリキ,334,-,未実装,-,-,未実装,-,-,未実装,-,-,未実装,-,-,未実装,-,-,未実装,-,-
201412,十万バリキ,217,-,120,"1,81",-,108,"2,01",-,96,"2,26",-,84,"2,58",-,78,"2,78",-,72,"3,01",-
201421,リラックス,508,-,未実装,-,-,未実装,-,-,未実装,-,-,未実装,-,-,未実装,-,-,未実装,-,-
201422,小休憩,217,-,180,"1,21",-,162,"1,85",-,144,"1,51",-,126,"1,72",-,117,"1,85",-,108,"2,01",-
201431,大局観,334,249,120,"1,39","2,08",108,"1,55","2,31",96,"1,74","2,59",84,"1,99","2,96",78,"2,14","3,19",72,"2,32","3,46"
201432,読解力,85,-,120,"0,71",-,108,"0,79",-,96,"0,89",-,84,"1,01",-,78,"1,09",-,72,"1,18",-
201441,八方にらみ,508,291,180,"1,41","1,62",162,"1,57","1,8",144,"1,76","2,02",126,"2,02","2,31",117,"2,17","2,49",108,"2,35","2,69"
201442,鋭い眼光,217,-,180,"1,21",-,162,"1,34",-,144,"1,51",-,126,"1,72",-,117,"1,85",-,108,"2,01",-
201451,追込直線◎,262,45,140,"0,97","0,32",126,"1,08","0,36",112,"1,21","0,4",98,"1,39","0,46",91,"1,5","0,49",84,"1,62","0,54"
201452,追込直線○,217,-,130,"1,67",-,117,"1,85",-,104,"2,09",-,91,"2,38",-,84,"2,58",-,78,"2,78",-
201461,追込コーナー◎,262,45,140,"0,97","0,32",126,"1,08","0,36",112,"1,21","0,4",98,"1,39","0,46",91,"1,5","0,49",84,"1,62","0,54"
201462,追込コーナー○,217,-,130,"1,67",-,117,"1,85",-,104,"2,09",-,91,"2,38",-,84,"2,58",-,78,"2,78",-
201471,視界良好！異常なし！,334,249,110,"1,52","2,26",99,"1,69","2,52",88,"1,9","2,83",77,"2,17","3,23",71,"2,35","3,51",66,"2,53","3,77"
201472,お見通し,85,-,110,"0,77",-,99,"0,86",-,88,"0,97",-,77,"1,1",-,71,"1,2",-,66,"1,29",-
201481,下校後のスペシャリスト,508,291,170,"1,49","1,71",153,"1,66","1,9",136,"1,87","2,14",119,"2,13","2,45",110,"2,31","2,65",102,"2,49","2,85"
201482,下校の楽しみ,217,-,170,"1,28",-,153,"1,42",-,136,"1,6",-,119,"1,82",-,110,"1,97",-,102,"2,13",-
201491,冷静沈着,508,-,未実装,-,-,未実装,-,-,未実装,-,-,未実装,-,-,未実装,-,-,未実装,-,-
201492,冷静,217,-,180,"1,21",-,162,"1,34",-,144,"1,51",-,126,"1,72",-,117,"1,85",-,108,"2,01",-
201501,天命士,334,-,未実装,-,-,未実装,-,-,未実装,-,-,未実装,-,-,未実装,-,-,未実装,-,-
201502,策士,85,-,110,"0,77",-,99,"0,86",-,88,"0,97",-,77,"1,1",-,71,"1,2",-,66,"1,29",-
201511,熱いまなざし,508,-,未実装,-,-,未実装,-,-,未実装,-,-,未実装,-,-,未実装,-,-,未実装,-,-
201512,まなざし,217,-,180,"1,21",-,162,"1,34",-,144,"1,51",-,126,"1,72",-,117,"1,85",-,108,"2,01",-
201521,逃げのコツ◎,217,43,130,"0,9","0,33",117,1,"0,37",104,"1,13","0,41",91,"1,29","0,47",84,"1,4","0,51",78,"1,51","0,55"
201522,逃げのコツ○,174,-,110,"1,58",-,99,"1,76",-,88,"1,98",-,77,"2,26",-,71,"2,45",-,66,"2,64",-
201531,先行のコツ◎,217,43,130,"0,9","0,33",117,1,"0,37",104,"1,13","0,41",91,"1,29","0,47",84,"1,4","0,51",78,"1,51","0,55"
201532,先行のコツ○,174,-,110,"1,58",-,99,"1,76",-,88,"1,98",-,77,"2,26",-,71,"2,45",-,66,"2,64",-
201541,差しのコツ◎,217,43,130,"0,9","0,33",117,1,"0,37",104,"1,13","0,41",91,"1,29","0,47",84,"1,4","0,51",78,"1,51","0,55"
201542,差しのコツ○,174,-,110,"1,58",-,99,"1,76",-,88,"1,98",-,77,"2,26",-,71,"2,45",-,66,"2,64",-
201551,追込のコツ◎,217,43,130,"0,9","0,33",117,1,"0,37",104,"1,13","0,41",91,"1,29","0,47",84,"1,4","0,51",78,"1,51","0,55"
201552,追込のコツ○,174,-,110,"1,58",-,99,"1,76",-,88,"1,98",-,77,"2,26",-,71,"2,45",-,66,"2,64",-
201561,スーパーラッキーセブン,334,160,130,"1,39","1,23",117,"1,55","1,37",104,"1,74","1,54",91,"1,99","1,76",84,"2,15","1,9",78,"2,32","2,05"
201562,ラッキーセブン,174,-,110,"1,58",-,99,"1,76",-,88,"1,98",-,77,"2,26",-,71,"2,45",-,66,"2,64",-
201571,スリーセブン,217,-,160,"1,36",-,144,"1,51",-,128,"1,7",-,112,"1,94",-,104,"2,09",-,96,"2,26",-
201581,登山家,217,-,160,"1,36",-,144,"1,51",-,128,"1,7",-,112,"1,94",-,104,"2,09",-,96,"2,26",-
201591,ウマ好み,217,-,160,"1,36",-,144,"1,51",-,128,"1,7",-,112,"1,94",-,104,"2,09",-,96,"2,26",-
201601,地固め,217,-,100,"2,17",-,90,"2,41",-,80,"2,71",-,70,"3,1",-,65,"3,34",-,60,"3,62",-
201611,尻尾上がり,217,-,100,"2,17",-,90,"2,41",-,80,"2,71",-,70,"3,1",-,65,"3,34",-,60,"3,62",-
201621,ふり絞り,217,-,100,"2,17",-,90,"2,41",-,80,"2,71",-,70,"3,1",-,65,"3,34",-,60,"3,62",-
201631,シンパシー,129,-,70,"1,84",-,63,"2,05",-,56,"2,3",-,49,"2,63",-,45,"2,87",-,42,"3,07",-
201641,一匹狼,129,-,70,"1,84",-,63,"2,05",-,56,"2,3",-,49,"2,63",-,45,"2,87",-,42,"3,07",-
201651,スリップストリーム,217,-,160,"1,36",-,144,"1,51",-,128,"1,7",-,112,"1,94",-,104,"2,09",-,96,"2,26",-
201661,遊びはおしまいっ！,217,-,160,"1,36",-,144,"1,51",-,128,"1,7",-,112,"1,94",-,104,"2,09",-,96,"2,26",-
201671,チャート急上昇！,508,291,180,"1,41","1,62",162,"1,57","1,8",144,"1,76","2,02",126,"2,02","2,31",117,"2,17","2,49",108,"2,35","2,69"
201672,レコメンド,217,-,180,"1,21",-,162,"1,34",-,144,"1,51",-,126,"1,72",-,117,"1,85",-,108,"2,01",-
900011,シューティングスター,180,-,(200)＊コツ０なし,-,-,180,1,-,160,"1,13",-,140,"1,29",-,130,"1,38",-,120,"1,5",-
900021,先頭の景色は譲らない…！,180,-,(200)＊コツ０なし,-,-,180,1,-,160,"1,13",-,140,"1,29",-,130,"1,38",-,120,"1,5",-
900031,究極テイオーステップ,180,-,(200)＊コツ０なし,-,-,180,1,-,160,"1,13",-,140,"1,29",-,130,"1,38",-,120,"1,5",-
900041,紅焔ギア/LP1211-M,180,-,(200)＊コツ０なし,-,-,180,1,-,160,"1,13",-,140,"1,29",-,130,"1,38",-,120,"1,5",-
900051,煌星のヴォードヴィル,180,-,(200)＊コツ０なし,-,-,180,1,-,160,"1,13",-,140,"1,29",-,130,"1,38",-,120,"1,5",-
900061,勝利の鼓動,180,-,(200)＊コツ０なし,-,-,180,1,-,160,"1,13",-,140,"1,29",-,130,"1,38",-,120,"1,5",-
900071,不沈艦、抜錨ォッ！,180,-,(200)＊コツ０なし,-,-,180,1,-,160,"1,13",-,140,"1,29",-,130,"1,38",-,120,"1,5",-
900081,カッティング×DRIVE！,180,-,(200)＊コツ０なし,-,-,180,1,-,160,"1,13",-,140,"1,29",-,130,"1,38",-,120,"1,5",-
900091,ブリリアント・レッドエース,180,-,(200)＊コツ０なし,-,-,180,1,-,160,"1,13",-,140,"1,29",-,130,"1,38",-,120,"1,5",-
900101,ヴィクトリーショット！,180,-,(200)＊コツ０なし,-,-,180,1,-,160,"1,13",-,140,"1,29",-,130,"1,38",-,120,"1,5",-
900111,精神一到何事か成らざらん,180,-,(200)＊コツ０なし,-,-,180,1,-,160,"1,13",-,140,"1,29",-,130,"1,38",-,120,"1,5",-
900121,タイマン！デッドヒート！,180,-,(200)＊コツ０なし,-,-,180,1,-,160,"1,13",-,140,"1,29",-,130,"1,38",-,120,"1,5",-
900131,貴顕の使命を果たすべく,180,-,(200)＊コツ０なし,-,-,180,1,-,160,"1,13",-,140,"1,29",-,130,"1,38",-,120,"1,5",-
900141,プランチャ☆ガナドール,180,-,(200)＊コツ０なし,-,-,180,1,-,160,"1,13",-,140,"1,29",-,130,"1,38",-,120,"1,5",-
900151,ヴィットーリアに捧ぐ舞踏,180,-,(200)＊コツ０なし,-,-,180,1,-,160,"1,13",-,140,"1,29",-,130,"1,38",-,120,"1,5",-
900161,Shadow Break,180,-,(200)＊コツ０なし,-,-,180,1,-,160,"1,13",-,140,"1,29",-,130,"1,38",-,120,"1,5",-
900171,汝、皇帝の神威を見よ,180,-,(200)＊コツ０なし,-,-,180,1,-,160,"1,13",-,140,"1,29",-,130,"1,38",-,120,"1,5",-
900181,ブレイズ・オブ・プライド,180,-,(200)＊コツ０なし,-,-,180,1,-,160,"1,13",-,140,"1,29",-,130,"1,38",-,120,"1,5",-
900201,アングリング×スキーミング,180,-,(200)＊コツ０なし,-,-,180,1,-,160,"1,13",-,140,"1,29",-,130,"1,38",-,120,"1,5",-
900231,∴win Q.E.D.,180,-,(200)＊コツ０なし,-,-,180,1,-,160,"1,13",-,140,"1,29",-,130,"1,38",-,120,"1,5",-
900241,ひらめき☆ランディング,180,-,(200)＊コツ０なし,-,-,180,1,-,160,"1,13",-,140,"1,29",-,130,"1,38",-,120,"1,5",-
900261,G00 1st.F∞;,180,-,(200)＊コツ０なし,-,-,180,1,-,160,"1,13",-,140,"1,29",-,130,"1,38",-,120,"1,5",-
900271,レッツ・アナボリック！,180,-,(200)＊コツ０なし,-,-,180,1,-,160,"1,13",-,140,"1,29",-,130,"1,38",-,120,"1,5",-
900301,ブルーローズチェイサー,180,-,(200)＊コツ０なし,-,-,180,1,-,160,"1,13",-,140,"1,29",-,130,"1,38",-,120,"1,5",-
900321,U=ma2,180,-,(200)＊コツ０なし,-,-,180,1,-,160,"1,13",-,140,"1,29",-,130,"1,38",-,120,"1,5",-
900351,勝利のチケットを、君にッ！,180,-,(200)＊コツ０なし,-,-,180,1,-,160,"1,13",-,140,"1,29",-,130,"1,38",-,120,"1,5",-
900381,#LookatCurren,180,-,(200)＊コツ０なし,-,-,180,1,-,160,"1,13",-,140,"1,29",-,130,"1,38",-,120,"1,5",-
900401,KEEP IT REAL.,180,-,(200)＊コツ０なし,-,-,180,1,-,160,"1,13",-,140,"1,29",-,130,"1,38",-,120,"1,5",-
900411,優等生×バクシン＝大勝利ッ,180,-,(200)＊コツ０なし,-,-,180,1,-,160,"1,13",-,140,"1,29",-,130,"1,38",-,120,"1,5",-
900451,ピュリティオブハート,180,-,(200)＊コツ０なし,-,-,180,1,-,160,"1,13",-,140,"1,29",-,130,"1,38",-,120,"1,5",-
900461,キラキラ☆STARDOM,180,-,(200)＊コツ０なし,-,-,180,1,-,160,"1,13",-,140,"1,29",-,130,"1,38",-,120,"1,5",-
900501,Nemesis,180,-,(200)＊コツ０なし,-,-,180,1,-,160,"1,13",-,140,"1,29",-,130,"1,38",-,120,"1,5",-
900521,ワクワククライマックス,180,-,(200)＊コツ０なし,-,-,180,1,-,160,"1,13",-,140,"1,29",-,130,"1,38",-,120,"1,5",-
900561,来ます来てます来させます！,180,-,(200)＊コツ０なし,-,-,180,1,-,160,"1,13",-,140,"1,29",-,130,"1,38",-,120,"1,5",-
900581,I Never Goof Up!,180,-,(200)＊コツ０なし,-,-,180,1,-,160,"1,13",-,140,"1,29",-,130,"1,38",-,120,"1,5",-
900601,きっとその先へ…！,180,-,(200)＊コツ０なし,-,-,180,1,-,160,"1,13",-,140,"1,29",-,130,"1,38",-,120,"1,5",-
900611,Pride of KING,180,-,(200)＊コツ０なし,-,-,180,1,-,160,"1,13",-,140,"1,29",-,130,"1,38",-,120,"1,5",-
910011,わやかわ♪マリンダイヴ,180,-,(200)＊コツ０なし,-,-,180,1,-,160,"1,13",-,140,"1,29",-,130,"1,38",-,120,"1,5",-
910031,絶対は、ボクだ,180,-,(200)＊コツ０なし,-,-,180,1,-,160,"1,13",-,140,"1,29",-,130,"1,38",-,120,"1,5",-
910041,グッときて♪Chu,180,-,(200)＊コツ０なし,-,-,180,1,-,160,"1,13",-,140,"1,29",-,130,"1,38",-,120,"1,5",-
910111,ゲインヒール・スペリアー,180,-,(200)＊コツ０なし,-,-,180,1,-,160,"1,13",-,140,"1,29",-,130,"1,38",-,120,"1,5",-
910131,最強の名を懸けて,180,-,(200)＊コツ０なし,-,-,180,1,-,160,"1,13",-,140,"1,29",-,130,"1,38",-,120,"1,5",-
910141,コンドル猛撃波,180,-,(200)＊コツ０なし,-,-,180,1,-,160,"1,13",-,140,"1,29",-,130,"1,38",-,120,"1,5",-
910181,薫風、永遠なる瞬間を,180,-,(200)＊コツ０なし,-,-,180,1,-,160,"1,13",-,140,"1,29",-,130,"1,38",-,120,"1,5",-
910241,フラワリー☆マニューバ,180,-,(200)＊コツ０なし,-,-,180,1,-,160,"1,13",-,140,"1,29",-,130,"1,38",-,120,"1,5",-