ID,スキル名,スキル説明,発動条件（元データ）,発動条件,発動条件 (日本語訳),確定発動,持続時間補正値,基準持続時間(s),クールタイム補正値,基準クールタイム(s),査定値,種類,スキル対象,target_value_1_1,補正値,値（補正値の1/10000）,種類2,スキル対象2,target_value_1_2,補正値2,値（補正値2の1/10000）,種類3,スキル対象3,target_value_1_3,補正値3,値（補正値3の1/10000）
100371,Schwarze Schwert,最終直線まで冷静に自身の計画通り走行出来れば、先頭目がけて鋭い脚で速度を上げる,is_badstart==0&temptation_count==0&order>=3&is_finalcorner==1&corner==0,出遅れ==無し&掛かり==無し&順位>=3&最終コーナー==到達&コーナー==ではない,最終直線において、出遅れ0回かつ掛かり回数0回で、順位が3位以下[3～12位],〇,50000,5,5000000,500,340,目標速度アップ,自分,-,3500,"0,35",-,-,-,-,-,-,-,-,-,-
900371,Schwarze Schwert,最終直線まで冷静に自身の計画通り走行出来れば、先頭目がけて速度をわずかに上げる,is_badstart==0&temptation_count==0&order>=3&is_finalcorner==1&corner==0,出遅れ==無し&掛かり==無し&順位>=3&最終コーナー==到達&コーナー==ではない,最終直線において、出遅れ0回かつ掛かり回数0回で、順位が3位以下[3～12位],×,30000,3,5000000,500,180,目標速度アップ,自分,-,1500,"0,15",-,-,-,-,-,-,-,-,-,-
10071,波乱注意砲！,レース中間からロングスパートをかけて速度がわずかに上がる,distance_rate>=50&distance_rate<=60&order_rate>50,走行距離>=50%&走行距離<=60%&順位率>50%,走行距離50%～60%において、順位率50%より後ろ[7～12位],〇,60000,6,5000000,500,240,目標速度アップ,自分,-,1500,"0,15",-,-,-,-,-,-,-,-,-,-
10081,アクセルX,残り200mを切って前の方にいると競り合いに強くなり速度が少し上がる,order>=3&order_rate<=50&remain_distance<=200&bashin_diff_infront<=1@order>=3&order_rate<=50&remain_distance<=200&bashin_diff_behind<=1,順位>=3&順位率<=50%&残り距離<=200&前の馬との距離（馬身数）<=1または順位>=3&順位率<=50%&残り距離<=200&後ろの馬との距離（馬身数）<=1,残り距離が200m以下において、順位が3位以下かつ順位率50%以内[3～6位]で、前後の馬どちらかと1馬身以内,〇,50000,5,5000000,500,240,目標速度アップ,自分,-,2500,"0,25",-,-,-,-,-,-,-,-,-,-
10091,レッドエース,レース後半で1番をキープし続ける力をわずかに発揮する,distance_rate>=50&order==1&bashin_diff_behind<=1,走行距離>=50%&順位＝1&後ろの馬との距離（馬身数）<=1,走行距離が50%以上において、順位が1位の時に、後ろのウマと1馬身以内,〇,50000,5,5000000,500,240,目標速度アップ,自分,-,1500,"0,15",加速度アップ,自分,-,2000,"0,2",-,-,-,-,-
10111,精神一到,最終直線で後ろの方から追い抜くと末脚を使って速度が少し上がる,is_finalcorner==1&corner==0&change_order_onetime<0&order>=4,最終コーナー＝到達&直線である&変動順位<0&順位>=4,最終直線において、追い抜いた時に4位以下[4～11位],〇,50000,5,5000000,500,240,目標速度アップ,自分,-,2500,"0,25",-,-,-,-,-,-,-,-,-,-
10141,熱血☆アミーゴ,最終直線で余力を持って前にいるとわずかに優位を保ちやすくなる,is_finalcorner==1&corner==0&hp_per>=30&order<=2,最終コーナー＝到達&直線である&体力割合 >=30%&順位<=2,最終直線において、体力割合が30%以上かつ、順位が2位以内[1～2位],〇,50000,5,5000000,500,240,目標速度アップ,自分,-,1500,"0,15",加速度アップ,自分,-,2000,"0,2",-,-,-,-,-
10181,エンプレス・プライド,最終コーナーで後ろから追い抜くと女帝たる走りで速度が少し上がる,is_finalcorner==1&corner!=0&order>=4&change_order_onetime<0,最終コーナー＝到達&コーナーである&順位>=4&変動順位<0,最終コーナーにおいて、追い抜いた時に4位以下[4～11位],〇,50000,5,5000000,500,240,目標速度アップ,自分,-,2500,"0,25",-,-,-,-,-,-,-,-,-,-
10241,勝利のキッス☆,最終コーナーで前の方で競り合うと直線でわずかに抜け出しやすくなる,is_finalcorner==1&corner!=0&blocked_side_continuetime>=2&order<=3,最終コーナー＝到達&コーナーである&競り合った時間>=2&順位<=3,最終コーナーにおいて、競り合った時間が2秒以上かつ順位が3位以内[1～3位],〇,50000,5,5000000,500,240,目標速度アップ,自分,-,1500,"0,15",加速度アップ,自分,-,2000,"0,2",-,-,-,-,-
10271,燃えろ筋肉！,レース終盤のコーナーで前の位置につこうとして加速力が少し上がる,phase>=2&corner!=0&order_rate>=65&order_rate<=70,レース終盤&コーナーである&順位率>=65%&順位率<=70%,レース終盤以降のコーナーにおいて、順位率65%～70%[8位],〇,40000,4,5000000,500,240,加速度アップ,自分,-,3000,"0,3",-,-,-,-,-,-,-,-,-,-
10321,introduction：My body,レース後半のコーナーで控えていると持久力が少し回復する,distance_rate>=50&corner!=0&order>=3&order_rate<=40,走行距離>=50%&コーナーである&順位>=3&順位率<=40%,走行距離50%以上のコーナーにおいて、3位以下かつ順位率40%以内[3～5位],〇,0,瞬時発動,5000000,500,240,体力回復,自分,-,350,"0,035",-,-,-,-,-,-,-,-,-,-
10351,全力Vサインッ！,最終直線で競り合いに負けない気持ちが湧き、速度が少し上がる,is_finalcorner==1&corner==0&order<=5&blocked_side_continuetime>=2,最終コーナー＝到達&直線である&順位<=5&競り合った時間>=2,最終直線において、順位が5位以内[1～5位]かつ、競り合った時間が2秒以上,〇,50000,5,5000000,500,240,目標速度アップ,自分,-,2500,"0,25",-,-,-,-,-,-,-,-,-,-
10411,学級委員長+速さ＝バクシン,レース後半に前の方で競り合うとバクシン力（？）を発揮、速度が少し上がる,distance_rate>=50&order<=3&blocked_side_continuetime>=2,走行距離>=50%&順位<=3&競り合った時間>=2,走行距離が50%以上において、順位が3位以内[1～3位]かつ、競り合った時間が2秒以上,〇,50000,5,5000000,500,240,目標速度アップ,自分,-,2500,"0,25",-,-,-,-,-,-,-,-,-,-
10451,クリアハート,レース中盤で好位置にいる時に持久力が少し回復する,phase_random==1&order>=2&order_rate<=40,レース中盤(ランダム判定？)&順位>=2&順位率<=40%,レース中盤のランダムな区間内で、順位が2位以下かつ順位率40%以内[2～5位],〇,0,瞬時発動,5000000,500,240,体力回復,自分,-,350,"0,035",-,-,-,-,-,-,-,-,-,-
10521,ワクワクよーいドン,最終コーナーで後ろの方にいると近くのウマ娘を見て持久力を少し回復する,is_finalcorner==1&corner!=0&order_rate>50&near_count>=1,最終コーナー＝到達&コーナーである&順位率>50&近くのウマ娘の数>=1,最終コーナーにおいて順位率50%より後ろ[7位～12位]で、前後左右1.5m未満にウマ娘の数が1以上,〇,0,瞬時発動,5000000,500,240,体力回復,自分,-,350,"0,035",-,-,-,-,-,-,-,-,-,-
10561,来てください来てください！,レース終盤に前方が詰まるとお告げの力で少し道を切り開く,phase>=2&order>=3&blocked_front==1,レース終盤&順位>=3&前方詰まり＝〇,レース終盤以降において、順位が3位以下[3～12位]の際に、前方が詰まってる,〇,50000,5,5000000,500,240,目標速度アップ,自分,-,2500,"0,25",-,-,-,-,-,-,-,-,-,-
10601,アタシもたまには、ね？,レース終盤で3番手の時に負けそうになると闘志に火が付き速度が少し上がる,phase>=2&order==3&bashin_diff_behind<=1,レース終盤&順位==3&後ろの馬との距離（馬身数）<=1,レース終盤以降において、順位が3位かつ後ろの馬と1馬身以内,〇,50000,5,5000000,500,240,目標速度アップ,自分,-,2500,"0,25",-,-,-,-,-,-,-,-,-,-
10611,Call me KING,レースを冷静に運ぶことができると残り200mで実力発揮、速度が上がる,temptation_count==0&remain_distance<=201&remain_distance>=199&order>=5&order_rate<=60,掛かり回数==0&残り距離<=201&残り距離>=199&順位>=5&順位率<=60%,残り200ｍ地点において、掛かり回数0回かつ、順位が5位以下かつ順位率60%以内[5～7位],〇,50000,5,5000000,500,240,目標速度アップ,自分,-,3500,"0,35",-,-,-,-,-,-,-,-,-,-
100011,シューティングスター,レース終盤に前の方で相手を抜くと勢いに乗って速度が上がる,phase>=2&order>=2&order_rate<=50&change_order_onetime<0,レース終盤&順位>=2&順位率<=50%&変動順位<0,レース終盤以降において、追い抜いた時に順位が2位以下かつ順位率50%以内[2～6位],〇,50000,5,5000000,500,340,目標速度アップ,自分,-,3500,"0,35",-,-,-,-,-,-,-,-,-,-
100021,先頭の景色は譲らない…！,最終直線で差を付けて先頭にいるとさらなる脚を使って、速度を上げる,is_finalcorner==1&corner==0&order==1&bashin_diff_behind>=1,最終コーナー＝到達&直線である&順位＝1&後ろの馬との距離（馬身数）>=1,最終直線において、順位が1位の時に後ろのウマと1馬身以上,〇,50000,5,5000000,500,340,目標速度アップ,自分,-,3500,"0,35",-,-,-,-,-,-,-,-,-,-
100031,究極テイオーステップ,最終直線で前と差が詰まると華麗な脚取りで速度がすごく上がる,is_finalcorner==1&corner==0&order<=3&bashin_diff_infront<=1&is_overtake==1,最終コーナー＝到達&直線である&順位<=3&前の馬との距離（馬身数）<=1&追い越し状態,最終直線において、順位が3位以内かつ前のウマと1馬身以内で、追い越し対象が存在する,〇,50000,5,5000000,500,340,目標速度アップ,自分,-,4500,"0,45",-,-,-,-,-,-,-,-,-,-
100041,紅焔ギア/LP1211-M,最終コーナー以降で前の方にいるとギアを変えて加速力が上がる,is_finalcorner==1&order<=5&order_rate<=50,最終コーナー＝到達&順位<=5&順位率<=50%,最終コーナー以降、順位5位以内かつ順位率50%以内[1～5位],〇,40000,4,5000000,500,340,加速度アップ,自分,-,4000,"0,4",-,-,-,-,-,-,-,-,-,-
100051,煌星のヴォードヴィル,最終直線で前の方で少し抜け出ていると輝きを増し速度がすごく上がる,is_finalcorner==1&corner==0&order_rate<=30&behind_near_lane_time>=1,最終コーナー到達&直線である&順位率<=30&後ろの近くのレーンに他のウマがいる時間？>=1,"最終直線において、順位率30％以内[1～4位]の時に、一番近くの後ろのウマが1バ身以内かつ左右距離1ウマ幅以内に1秒以上いた場合
（相手のウマが変わってもよいが、自分の順位が変わると時間リセット）",〇,50000,5,5000000,500,340,目標速度アップ,自分,-,4500,"0,45",-,-,-,-,-,-,-,-,-,-
100061,勝利の鼓動,残り200m地点で前の方にいると道を開いてすごく抜け出しやすくなる,order>=2&order<=5&order_rate<=50&remain_distance<=201&remain_distance>=199,順位>=2&順位<=5&順位率<=50%&残り距離<=201&残り距離>=199,残り200m地点において、順位2位以下かつ5位以内かつ順位率50%以内[2～5位],〇,50000,5,5000000,500,340,目標速度アップ,自分,-,4500,"0,45",-,-,-,-,-,-,-,-,-,-
100071,不沈艦、抜錨ォッ！,レース中間からロングスパートをかけて速度が少しずつ上がる,distance_rate>=50&distance_rate<=60&order_rate>50,走行距離>=50%&走行距離<=60&順位率>50%,走行距離50%～60%において、順位率50%より後ろ[7～12位],〇,60000,6,5000000,500,340,目標速度アップ,自分,-,2500,"0,25",-,-,-,-,-,-,-,-,-,-
100081,カッティング×DRIVE！,残り200mを切って前の方にいると競り合いに強くなり速度が上がる,order>=3&order_rate<=50&remain_distance<=200&bashin_diff_infront<=1@order>=3&order_rate<=50&remain_distance<=200&bashin_diff_behind<=1,順位>=3&順位率<=50%&残り距離<=200&前の馬との距離（馬身数）<=1または順位>=3&順位率<=50&残り距離<=200&後ろの馬との距離（馬身数）<=1,残り距離が200m以下において、順位が3位以下かつ順位率50%以内[3～6位]で、前後の馬どちらかと1馬身以内,〇,50000,5,5000000,500,340,目標速度アップ,自分,-,3500,"0,35",-,-,-,-,-,-,-,-,-,-
100091,ブリリアント・レッドエース,レース後半で1番をキープし続ける力を発揮する,distance_rate>=50&order==1&bashin_diff_behind<=1,走行距離>=50%&順位＝1&後ろの馬との距離（馬身数）<=1,走行距離が50%以上において、順位が1位の時に、後ろの馬と1馬身以内,〇,50000,5,5000000,500,340,目標速度アップ,自分,-,2500,"0,25",加速度アップ,自分,-,3000,"0,3",-,-,-,-,-
100101,ヴィクトリーショット！,最終コーナーで好位置にいると弾みを付けて加速力が上がる,is_finalcorner==1&corner!=0&order>=3&order_rate<=50,最終コーナー＝到達&コーナーである&順位>=3&順位率<=50%,最終コーナにおいて、順位が3位以下かつ順位率50%以内[3～6位],〇,40000,4,5000000,500,340,加速度アップ,自分,-,4000,"0,4",-,-,-,-,-,-,-,-,-,-
100111,精神一到何事か成らざらん,最終直線で後ろの方から追い抜くと末脚を使って速度が上がる,is_finalcorner==1&corner==0&change_order_onetime<0&order>=4,最終コーナー＝到達&直線である&変動順位<0&順位>=4,最終直線において、追い抜いた時に4位以下[4～11位],〇,50000,5,5000000,500,340,目標速度アップ,自分,-,3500,"0,35",-,-,-,-,-,-,-,-,-,-
100121,タイマン！デッドヒート！,最終直線で後ろの方から外を回って追い抜く時、速度を上げる,is_finalcorner==1&corner==0&is_behind_in==1&change_order_onetime<0&order_rate>=40,最終コーナー到達&コーナーではない&自分の内側背後にウマがいる&1つでも順位を上げる&順位率>=40%[6位~12位],最終直線において、1つでも順位を上げた際に自分の内側背後にウマがいて、順位率40%より後ろ[6位~12位],〇,50000,5,5000000,500,340,目標速度アップ,自分,-,3500,"0,35",-,-,-,-,-,-,-,-,-,-
100131,貴顕の使命を果たすべく,最終コーナーで前の方にいると抜かさせない覚悟を決めて速度が上がる,is_finalcorner==1&corner!=0&distance_diff_rate<=30,最終コーナー＝到達&コーナーである&全ウマ娘の距離の差における前からの率（数字が小さいほど前）<=30%,最終コーナーにおいて、全ウマ娘の距離の差のうち前から30%以内,〇,50000,5,5000000,500,340,目標速度アップ,自分,-,3500,"0,35",-,-,-,-,-,-,-,-,-,-
100141,プランチャ☆ガナドール,最終直線で余力を持って前にいるとより優位を保ちやすくなる,is_finalcorner==1&corner==0&hp_per>=30&order<=2,最終コーナー＝到達&直線である&体力割合>=30%&順位<=2,最終直線において、体力割合が30%以上かつ、順位が2位以内[1～2位],〇,50000,5,5000000,500,340,目標速度アップ,自分,-,2500,"0,25",加速度アップ,自分,-,3000,"0,3",-,-,-,-,-
100151,ヴィットーリアに捧ぐ舞踏,最終コーナーで前の方で競り合うと王たる輝きで速度が上がる,is_finalcorner==1&corner!=0&bashin_diff_infront<=1&bashin_diff_behind<=1&blocked_side_continuetime>=2&order<=4,最終コーナーにおいて、前のウマと1馬身以内&後ろのウマと1馬身以内&競り合った時間>=2&順位<=4,最終コーナーにおいて、前のウマと1馬身以内かつ後ろのウマと1馬身以内で競り合った時間2秒以上の時に、4位以内,〇,50000,5,5000000,500,340,目標速度アップ,自分,-,3500,"0,35",-,-,-,-,-,-,-,-,-,-
100161,Shadow Break,最終コーナー以降で外から追い抜くと怪物的な力で、速度を上げる,is_finalcorner==1&order>=2&order_rate<=75&is_behind_in==1&change_order_onetime<0,最終コーナー到達&2位以下&順位率75%より前&内側背後にウマがいる＝〇変動順位<1,最終コーナー以降、1つでも順位を上げた際に自分の内側背後にウマがいて、2位以下かつ順位率75%以内[2～9位]の範囲内だった場合,〇,50000,5,5000000,500,340,目標速度アップ,自分,-,3500,"0,35",-,-,-,-,-,-,-,-,-,-
100171,汝、皇帝の神威を見よ,レース終盤に3回追い抜くと最終直線で速度がすごく上がる,is_finalcorner==1&change_order_up_end_after>=3&corner==0,最終コーナー＝到達&追い抜き回数>=3&直線である,（終盤以降の？）追い抜き回数3回以上で、最終直線に居る,〇,50000,5,5000000,500,340,目標速度アップ,自分,-,4500,"0,45",-,-,-,-,-,-,-,-,-,-
100181,ブレイズ・オブ・プライド,最終コーナーで後ろから追い抜くと女帝たる走りで速度が上がる,is_finalcorner==1&corner!=0&order>=4&change_order_onetime<0,最終コーナー＝到達&コーナーである&順位>=4&変動順位<0,最終コーナーにおいて、追い抜いた時に4位以下[4～11位],〇,50000,5,5000000,500,340,目標速度アップ,自分,-,3500,"0,35",-,-,-,-,-,-,-,-,-,-
100201,アングリング×スキーミング,レース終盤のコーナーで先頭にいるとこれ幸いと加速力を上げる,phase>=2&corner!=0&order==1,レース終盤以降&コーナーである&1位,レース終盤以降のコーナーにおいて、1位,〇,40000,4,5000000,500,340,加速度アップ,自分,-,4000,"0,4",-,-,-,-,-,-,-,-,-,-
100231,∴win Q.E.D.,最終コーナーで前の方で追い抜くと勝利の方程式を導き、速度を上げる,is_finalcorner==1&corner!=0&change_order_onetime<0&order<=4,最終コーナー＝到達&コーナーである&変動順位<0&順位<=4,最終コーナーにおいて、追い抜いた時に4位以内[1～4位],〇,50000,5,5000000,500,340,目標速度アップ,自分,-,3500,"0,35",-,-,-,-,-,-,-,-,-,-
100241,ひらめき☆ランディング,最終コーナーで前の方で競り合うと直線で抜け出しやすくなる,is_finalcorner==1&corner!=0&blocked_side_continuetime>=2&order<=3,最終コーナー＝到達&コーナーである&競り合った時間>=2&順位<=3,最終コーナーにおいて、競り合った時間が2秒以上かつ順位が3位以内[1～3位],〇,50000,5,5000000,500,340,目標速度アップ,自分,-,2500,"0,25",加速度アップ,自分,-,3000,"0,3",-,-,-,-,-
100261,G00 1st.F∞;,最終直線までみずから崩れることなく前の方にいると速度が上がる,is_badstart==0&temptation_count==0&order<=3&is_finalcorner==1&corner==0,出遅れ＝×&掛かり回数＝×&順位<=3&最終コーナー＝到達&直線である,最終直線において、出遅れ0回かつ掛かり回数0回で、順位が3位以内[1～3位],〇,50000,5,5000000,500,340,目標速度アップ,自分,-,3500,"0,35",-,-,-,-,-,-,-,-,-,-
100271,レッツ・アナボリック！,レース終盤のコーナーで前の位置につこうとして加速力が上がる,phase>=2&corner!=0&order_rate>=65&order_rate<=70,レース終盤&コーナーである&順位率>=65%&順位率<=70%,"レース終盤以降のコーナーにおいて、順位率65%～70%[8位]
＊65～70%の範囲に関して、6/9位、8/12位、13/18位で発動確認のため注意",〇,40000,4,5000000,500,340,加速度アップ,自分,-,4000,"0,4",-,-,-,-,-,-,-,-,-,-
100301,ブルーローズチェイサー,最終直線で抜け出した時に強い意志を持って速度が上がる,is_finalcorner==1&corner==0&order<=4&change_order_onetime<0,最終コーナー＝到達&直線である&順位<=4&変動順位<0,最終直線において、追い抜いた時に順位が4位以内[1～4位],〇,50000,5,5000000,500,340,目標速度アップ,自分,-,3500,"0,35",-,-,-,-,-,-,-,-,-,-
100321,U=ma2,レース後半のコーナーで控えていると持久力が回復する,distance_rate>=50&corner!=0&order>=3&order_rate<=40,走行距離>=50%&コーナーである&順位>=3&順位率<=40%,走行距離が50%以上のコーナーにおいて3位以下かつ順位率40%以内[3～5位],〇,0,瞬時発動,5000000,500,340,体力回復,自分,-,550,"0,055",-,-,-,-,-,-,-,-,-,-
100351,勝利のチケットを、君にッ！,最終直線で競り合いに負けない強い気持ちが湧き、速度が上がる,is_finalcorner==1&corner==0&order<=5&blocked_side_continuetime>=2,最終コーナー＝到達&直線である&順位<=5&競り合った時間>=2,最終直線において、順位が5位以内[1～5位]かつ、競り合った時間が2秒以上,〇,50000,5,5000000,500,340,目標速度アップ,自分,-,3500,"0,35",-,-,-,-,-,-,-,-,-,-
100381,#LookatCurren,レース中盤付近で好位置にいる時に追い抜くと勢いづき進出を開始する,distance_rate>=50&distance_rate<=65&order>=3&order_rate<=40&change_order_onetime<0,走行距離>=50%&走行距離<=65%順位>=3&順位率<=40%&変動順位<0,レース全体の50～65%において、追い抜いた時に順位が3位以下かつ順位率40%以内[3～5位],〇,50000,5,5000000,500,340,目標速度アップ,自分,-,2500,"0,25",加速度アップ,自分,-,3000,"0,3",-,-,-,-,-
100401,KEEP IT REAL.,レース後半に中団から仕掛け始める時に持てるパフォーマンスを発揮して加速力を少しずつ上げる,distance_rate>=50&order_rate>=40&order_rate<=70&is_overtake==1,距離>=50&順位率>=40&順位率<=70&追い越し状態,走行距離50%以上において、順位率が40%～70%[5～8位]の際に、追い越し対象が存在する（追い越し状態になる必要はない。詳しくは解析まとめに記載）,〇,60000,6,5000000,500,340,加速度アップ,自分,-,3000,"0,3",-,-,-,-,-,-,-,-,-,-
100411,優等生×バクシン＝大勝利ッ,レース後半に前の方で競り合うとバクシン力（？）を発揮、速度が上がる,distance_rate>=50&order<=3&blocked_side_continuetime>=2,走行距離>=50%&順位<=3&競り合った時間>=2,走行距離が50%以上において、順位が3位以内[1～3位]かつ、競り合った時間が2秒以上,〇,50000,5,5000000,500,340,目標速度アップ,自分,-,3500,"0,35",-,-,-,-,-,-,-,-,-,-
100451,ピュリティオブハート,レース中盤で好位置にいる時に持久力が回復する,phase_random==1&order>=2&order_rate<=40,レース中盤(ランダム判定？)&順位>=2&順位率<=40%,レース中盤のランダムな区間内で、順位が2位以下かつ順位率40%以内[2～5位],〇,0,瞬時発動,5000000,500,340,体力回復,自分,-,550,"0,055",-,-,-,-,-,-,-,-,-,-
100461,キラキラ☆STARDOM,レース中盤の直線で先頭を奪われそうになると譲らない想いが力になる,phase==1&corner==0&order==1&bashin_diff_behind<=1,レース中盤&直線である&順位=1&後ろのウマとの距離（馬身数）<=1,レース中盤の直線で、順位が1位の際に後ろのウマとの距離が1馬身以内,〇,50000,5,5000000,500,340,目標速度アップ,自分,-,2500,"0,25",加速度アップ,自分,-,3000,-,-,-,-,-,-
100501,Nemesis,最終コーナーで集団の後方の位置から前へ出る時、切れ味が増し速度が上がる,is_finalcorner==1&corner!=0&order_rate>=50&order_rate<=75&is_overtake==1,最終コーナー＝到達&コーナーである&順位率>=50%&順位率<=75%&追い越し状態,最終コーナーにおいて、順位率50～75%[6位～9位]の時に追い越し対象が存在,〇,50000,5,5000000,500,340,目標速度アップ,自分,-,3500,"0,35",-,-,-,-,-,-,-,-,-,-
100521,ワクワククライマックス,最終コーナーで後ろの方にいると近くのウマ娘を見て持久力を回復する,is_finalcorner==1&corner!=0&order_rate>50&near_count>=1,最終コーナー＝到達&コーナーである&順位率>50%&近くのウマ娘の数>=1,最終コーナーにおいて順位率50%より後ろ[7位～12位]で、前後左右1.5m未満にウマ娘の数が1以上,〇,0,瞬時発動,5000000,500,340,体力回復,自分,-,550,"0,055",-,-,-,-,-,-,-,-,-,-
100561,来ます来てます来させます！,レース終盤に前方が詰まるとお告げの力で道を切り開く,phase>=2&order>=3&blocked_front==1,レース終盤&順位>=3&前方詰まり＝〇,レース終盤以降において、順位が3位以下[3～12位]の際に、前方が詰まってる（前方のブロックウマがいる）,〇,50000,5,5000000,500,340,目標速度アップ,自分,-,3500,"0,35",-,-,-,-,-,-,-,-,-,-
100581,I Never Goof Up!,レース終盤のコーナーで中団以降のポジションから追い抜くとあきらめない心を発揮して前を目指す,phase>=2&corner!=0&order>=3&change_order_onetime<0,フェーズ>=2&コーナーである&順位>=3&順位変動<0,レース終盤以降のコーナーにおいて、追い抜いた際に3位以下[3～12位],〇,50000,5,5000000,500,240,目標速度アップ,自分,-,2500,"0,25",加速度アップ,自分,-,3000,"0,3",-,-,-,-,-
100601,きっとその先へ…！,レース終盤で3番手の時に負けそうになると秘めた闘志に火が付き速度が上がる,phase>=2&order==3&bashin_diff_behind<=1,レース終盤&順位==3&後ろの馬との距離（馬身数）<=1,レース終盤以降において、順位が3位かつ後ろの馬と1馬身以内,〇,50000,5,5000000,500,340,目標速度アップ,自分,-,3500,"0,35",-,-,-,-,-,-,-,-,-,-
100611,Pride of KING,レースを冷静に運ぶことができると残り200mで実力発揮、速度がすごく上がる,temptation_count==0&remain_distance<=201&remain_distance>=199&order>=5&order_rate<=60,掛かり回数＝×&残り距離<=201&残り距離>=199&順位>=5&順位率<=60%,残り200ｍ地点において、掛かり回数0回かつ、順位が5位以下かつ順位率60%以内[5～7位],〇,50000,5,5000000,500,340,目標速度アップ,自分,-,4500,"0,45",-,-,-,-,-,-,-,-,-,-
110011,わやかわ♪マリンダイヴ,中盤で2回スキルを使うとよりリラックスして持久力が回復する,phase==1&order>=2&order_rate<=70&activate_count_middle>=2,中盤&順位>=2&順位率<=70&中盤発動スキル数>=2,レース中盤において、2位以下かつ順位70％以内[2～8位]の時に、中盤発動スキルが2つ以上,〇,0,0,5000000,500,340,体力回復,自分,-,550,"0,055",-,-,-,-,-,-,-,-,-,-
110031,絶対は、ボクだ,最終直線で前の方で追いすがっていると不屈の闘志で速度が上がる,is_finalcorner==1&corner==0&is_overtake==1&order<=5&order_rate<=50&overtake_target_no_order_up_time>=2,最終コーナー＝到達&直線である&追い越し状態&順位<=5&順位率<=50%&追い越し状態でのウマの順位上昇時間>=2,最終直線において、5位以内かつ半分より前の場合、追い越し状態で(追い越そうとしたウマに対して2秒以上順位が上がらなかった際?),〇,50000,5,5000000,500,340,目標速度アップ,自分,-,3500,"0,35",-,-,-,-,-,-,-,-,-,-
110041,グッときて♪Chu,スキルで持久力を回復するとレース後半で前のほうにいる時にレッツラゴー！と速度を上げる,distance_rate>=50&activate_count_heal>=1&order<=3,走行距離>=50&発動回復スキル数>=1&順位<=3,走行距離50％以上において、順位が3位以内[1～3位]の時に、発動回復スキルが1回以上,〇,50000,5,5000000,500,340,目標速度アップ,自分,-,3500,"0,35",-,-,-,-,-,-,-,-,-,-
110111,ゲインヒール・スペリアー,中盤に後ろの方で順位を下げた時に優しい光で持久力を回復する,phase==1&change_order_onetime>0&order_rate>=40,中盤&順位変動>0&順位率>=40,中盤において、順位を下げたときに、順位率40％以下[6～12位],〇,0,0,5000000,500,340,体力回復,自分,-,550,"0,055",-,-,-,-,-,-,-,-,-,-
110131,最強の名を懸けて,最終コーナー以降に前めで力が尽きかけ詰め寄られると速度が上がる,is_finalcorner==1&hp_per<=35&order<=3&order_rate<=50&bashin_diff_behind<=1&overtake_target_time>=1,最終コーナー＝到達&体力割合<=35%&順位<=3&順位率<=50%&後ろのウマとの距離（馬身数）<=1&追い越し時間?>=1,最終コーナー以降、体力割合35%以下の際、3位以内かつ半分より前の場合において、後ろのウマと1馬身以内かつ(そのウマが1秒以上追い越し状態である？),〇,50000,5,5000000,500,340,目標速度アップ,自分,-,3500,"0,35",-,-,-,-,-,-,-,-,-,-
110141,コンドル猛撃波,最終コーナーで中団から前を狙う時魂を燃え滾らせて加速力を上げる,is_finalcorner==1&corner!=0&is_overtake==1&order>=4&order_rate<=75,最終コーナー==到達&コーナーである&追い抜き状態&順位>=4&順位率<=75,最終コーナーにおいて、順位が4位以下かつ順位率75%以内[4～9位]の時に、追い越し対象が存在する,〇,40000,4,5000000,500,340,加速度アップ,自分,-,4000,"0,4",-,-,-,-,-,-,-,-,-,-
110181,薫風、永遠なる瞬間を,レース中盤で前の方から仕掛け始める時に速度が上がる,phase_random==1&order>=3&order_rate<=50&is_overtake==1,レース中盤&順位>=3&順位率<=50&追い抜き状態==〇,レース中盤のランダムな区間内において、順位が3位以下かつ順位率50%以内[3～6位]で、追い越し対象が存在する,〇,50000,5,5000000,500,340,目標速度アップ,自分,-,3500,"0,35",-,-,-,-,-,-,-,-,-,-
110241,フラワリー☆マニューバ,最終コーナーで前の方で抜くと速度が後ろの方で抜くと加速力が上がる,is_finalcorner==1&corner!=0&order_rate<=40&change_order_onetime<0,最終コーナー==到達&コーナーである&順位率<=40&変動順位<0,最終コーナーにおいて、追い抜いた時に順位率40%以内[1～5位],〇,50000,5,5000000,500,340,目標速度アップ,自分,-,3500,"0,35",-,-,-,-,-,-,-,-,-,-
110241,フラワリー☆マニューバ,最終コーナーで前の方で抜くと速度が後ろの方で抜くと加速力が上がる,is_finalcorner==1&corner!=0&order_rate>=50&order_rate<=80&change_order_onetime<0,最終コーナー==到達&コーナーである&順位率>=50&順位率<=80&変動順位<0,最終コーナーにおいて、追い抜いた時に順位率50%～80%[7～9位],〇,40000,4,5000000,500,340,加速度アップ,自分,-,4000,"0,4",-,-,-,-,-,-,-,-,-,-
200011,右回り◎,右回りコースが得意になる,rotation==1,右回りコース,右回りコース,〇,-1,瞬時発動,0,0,174,スピードアップ,自分,-,600000,60,-,-,-,-,-,-,-,-,-,-
200012,右回り○,右回りコースが少し得意になる,rotation==1,右回りコース,右回りコース,〇,-1,瞬時発動,0,0,129,スピードアップ,自分,-,400000,40,-,-,-,-,-,-,-,-,-,-
200013,右回り×,右回りコースが少し苦手になる,rotation==1,右回りコース,右回りコース,〇,-1,瞬時発動,0,0,-129,スピードアップ,自分,-,-400000,-40,-,-,-,-,-,-,-,-,-,-
200021,左回り◎,左回りコースが得意になる,rotation==2,左回りコース,左回りコース,〇,-1,瞬時発動,0,0,174,スピードアップ,自分,-,600000,60,-,-,-,-,-,-,-,-,-,-
200022,左回り○,左回りコースが少し得意になる,rotation==2,左回りコース,左回りコース,〇,-1,瞬時発動,0,0,129,スピードアップ,自分,-,400000,40,-,-,-,-,-,-,-,-,-,-
200023,左回り×,左回りコースが少し苦手になる,rotation==2,左回りコース,左回りコース,〇,-1,瞬時発動,0,0,-129,スピードアップ,自分,-,-400000,-40,-,-,-,-,-,-,-,-,-,-
200031,東京レース場◎,東京レース場が得意になる,track_id==10006,レース場:東京レース場,レース場:東京レース場,〇,-1,瞬時発動,0,0,174,スタミナアップ,自分,-,600000,60,-,-,-,-,-,-,-,-,-,-
200032,東京レース場○,東京レース場が少し得意になる,track_id==10006,レース場:東京レース場,レース場:東京レース場,〇,-1,瞬時発動,0,0,129,スタミナアップ,自分,-,400000,40,-,-,-,-,-,-,-,-,-,-
200033,東京レース場×,東京レース場が少し苦手になる,track_id==10006,レース場:東京レース場,レース場:東京レース場,〇,-1,瞬時発動,0,0,-129,スタミナアップ,自分,-,-400000,-40,-,-,-,-,-,-,-,-,-,-
200041,中山レース場◎,中山レース場が得意になる,track_id==10005,レース場:中山レース場,レース場:中山レース場,〇,-1,瞬時発動,0,0,174,スタミナアップ,自分,-,600000,60,-,-,-,-,-,-,-,-,-,-
200042,中山レース場○,中山レース場が少し得意になる,track_id==10005,レース場:中山レース場,レース場:中山レース場,〇,-1,瞬時発動,0,0,129,スタミナアップ,自分,-,400000,40,-,-,-,-,-,-,-,-,-,-
200043,中山レース場×,中山レース場が少し苦手になる,track_id==10005,レース場:中山レース場,レース場:中山レース場,〇,-1,瞬時発動,0,0,-129,スタミナアップ,自分,-,-400000,-40,-,-,-,-,-,-,-,-,-,-
200051,阪神レース場◎,阪神レース場が得意になる,track_id==10009,レース場:阪神レース場,レース場:阪神レース場,〇,-1,瞬時発動,0,0,174,スタミナアップ,自分,-,600000,60,-,-,-,-,-,-,-,-,-,-
200052,阪神レース場○,阪神レース場が少し得意になる,track_id==10009,レース場:阪神レース場,レース場:阪神レース場,〇,-1,瞬時発動,0,0,129,スタミナアップ,自分,-,400000,40,-,-,-,-,-,-,-,-,-,-
200053,阪神レース場×,阪神レース場が少し苦手になる,track_id==10009,レース場:阪神レース場,レース場:阪神レース場,〇,-1,瞬時発動,0,0,-129,スタミナアップ,自分,-,-400000,-40,-,-,-,-,-,-,-,-,-,-
200061,京都レース場◎,京都レース場が得意になる,track_id==10008,レース場:京都レース場,レース場:京都レース場,〇,-1,瞬時発動,0,0,174,スタミナアップ,自分,-,600000,60,-,-,-,-,-,-,-,-,-,-
200062,京都レース場○,京都レース場が少し得意になる,track_id==10008,レース場:京都レース場,レース場:京都レース場,〇,-1,瞬時発動,0,0,129,スタミナアップ,自分,-,400000,40,-,-,-,-,-,-,-,-,-,-
200063,京都レース場×,京都レース場が少し苦手になる,track_id==10008,レース場:京都レース場,レース場:京都レース場,〇,-1,瞬時発動,0,0,-129,スタミナアップ,自分,-,-400000,-40,-,-,-,-,-,-,-,-,-,-
200071,中京レース場◎,中京レース場が得意になる,track_id==10007,レース場:中京レース場,レース場:中京レース場,〇,-1,瞬時発動,0,0,174,スタミナアップ,自分,-,600000,60,-,-,-,-,-,-,-,-,-,-
200072,中京レース場○,中京レース場が少し得意になる,track_id==10007,レース場:中京レース場,レース場:中京レース場,〇,-1,瞬時発動,0,0,129,スタミナアップ,自分,-,400000,40,-,-,-,-,-,-,-,-,-,-
200073,中京レース場×,中京レース場が少し苦手になる,track_id==10007,レース場:中京レース場,レース場:中京レース場,〇,-1,瞬時発動,0,0,-129,スタミナアップ,自分,-,-400000,-40,-,-,-,-,-,-,-,-,-,-
200081,札幌レース場◎,札幌レース場が得意になる,track_id==10001,レース場:札幌レース場,レース場:札幌レース場,〇,-1,瞬時発動,0,0,174,スタミナアップ,自分,-,600000,60,-,-,-,-,-,-,-,-,-,-
200082,札幌レース場○,札幌レース場が少し得意になる,track_id==10001,レース場:札幌レース場,レース場:札幌レース場,〇,-1,瞬時発動,0,0,129,スタミナアップ,自分,-,400000,40,-,-,-,-,-,-,-,-,-,-
200083,札幌レース場×,札幌レース場が少し苦手になる,track_id==10001,レース場:札幌レース場,レース場:札幌レース場,〇,-1,瞬時発動,0,0,-129,スタミナアップ,自分,-,-400000,-40,-,-,-,-,-,-,-,-,-,-
200091,函館レース場◎,函館レース場が得意になる,track_id==10002,レース場:函館レース場,レース場:函館レース場,〇,-1,瞬時発動,0,0,174,スタミナアップ,自分,-,600000,60,-,-,-,-,-,-,-,-,-,-
200092,函館レース場○,函館レース場が少し得意になる,track_id==10002,レース場:函館レース場,レース場:函館レース場,〇,-1,瞬時発動,0,0,129,スタミナアップ,自分,-,400000,40,-,-,-,-,-,-,-,-,-,-
200093,函館レース場×,函館レース場が少し苦手になる,track_id==10002,レース場:函館レース場,レース場:函館レース場,〇,-1,瞬時発動,0,0,-129,スタミナアップ,自分,-,-400000,-40,-,-,-,-,-,-,-,-,-,-
200101,福島レース場◎,福島レース場が得意になる,track_id==10004,レース場:福島レース場,レース場:福島レース場,〇,-1,瞬時発動,0,0,174,スタミナアップ,自分,-,600000,60,-,-,-,-,-,-,-,-,-,-
200102,福島レース場○,福島レース場が少し得意になる,track_id==10004,レース場:福島レース場,レース場:福島レース場,〇,-1,瞬時発動,0,0,129,スタミナアップ,自分,-,400000,40,-,-,-,-,-,-,-,-,-,-
200103,福島レース場×,福島レース場が少し苦手になる,track_id==10004,レース場:福島レース場,レース場:福島レース場,〇,-1,瞬時発動,0,0,-129,スタミナアップ,自分,-,-400000,-40,-,-,-,-,-,-,-,-,-,-
200111,新潟レース場◎,新潟レース場が得意になる,track_id==10003,レース場:新潟レース場,レース場:新潟レース場,〇,-1,瞬時発動,0,0,174,スタミナアップ,自分,-,600000,60,-,-,-,-,-,-,-,-,-,-
200112,新潟レース場○,新潟レース場が少し得意になる,track_id==10003,レース場:新潟レース場,レース場:新潟レース場,〇,-1,瞬時発動,0,0,129,スタミナアップ,自分,-,400000,40,-,-,-,-,-,-,-,-,-,-
200113,新潟レース場×,新潟レース場が少し苦手になる,track_id==10003,レース場:新潟レース場,レース場:新潟レース場,〇,-1,瞬時発動,0,0,-129,スタミナアップ,自分,-,-400000,-40,-,-,-,-,-,-,-,-,-,-
200121,小倉レース場◎,小倉レース場が得意になる,track_id==10010,レース場:小倉レース場,レース場:小倉レース場,〇,-1,瞬時発動,0,0,174,スタミナアップ,自分,-,600000,60,-,-,-,-,-,-,-,-,-,-
200122,小倉レース場○,小倉レース場が少し得意になる,track_id==10010,レース場:小倉レース場,レース場:小倉レース場,〇,-1,瞬時発動,0,0,129,スタミナアップ,自分,-,400000,40,-,-,-,-,-,-,-,-,-,-
200123,小倉レース場×,小倉レース場が少し苦手になる,track_id==10010,レース場:小倉レース場,レース場:小倉レース場,〇,-1,瞬時発動,0,0,-129,スタミナアップ,自分,-,-400000,-40,-,-,-,-,-,-,-,-,-,-
200131,根幹距離◎,根幹距離（400mの倍数）が得意になる,is_basis_distance==1,根幹距離（400mの倍数）,根幹距離（400mの倍数）,〇,-1,瞬時発動,0,0,174,スタミナアップ,自分,-,600000,60,-,-,-,-,-,-,-,-,-,-
200132,根幹距離○,根幹距離（400mの倍数）が少し得意になる,is_basis_distance==1,根幹距離（400mの倍数）,根幹距離（400mの倍数）,〇,-1,瞬時発動,0,0,129,スタミナアップ,自分,-,400000,40,-,-,-,-,-,-,-,-,-,-
200133,根幹距離×,根幹距離（400mの倍数）が少し苦手になる,is_basis_distance==1,根幹距離（400mの倍数）,根幹距離（400mの倍数）,〇,-1,瞬時発動,0,0,-129,スタミナアップ,自分,-,-400000,-40,-,-,-,-,-,-,-,-,-,-
200141,非根幹距離◎,非根幹距離（400mの倍数以外）が得意になる,is_basis_distance==0,非根幹距離（400mの倍数以外）,非根幹距離（400mの倍数以外）,〇,-1,瞬時発動,0,0,174,スタミナアップ,自分,-,600000,60,-,-,-,-,-,-,-,-,-,-
200142,非根幹距離○,非根幹距離（400mの倍数以外）が少し得意になる,is_basis_distance==0,非根幹距離（400mの倍数以外）,非根幹距離（400mの倍数以外）,〇,-1,瞬時発動,0,0,129,スタミナアップ,自分,-,400000,40,-,-,-,-,-,-,-,-,-,-
200143,非根幹距離×,非根幹距離（400mの倍数以外）が少し苦手になる,is_basis_distance==0,非根幹距離（400mの倍数以外）,非根幹距離（400mの倍数以外）,〇,-1,瞬時発動,0,0,-129,スタミナアップ,自分,-,-400000,-40,-,-,-,-,-,-,-,-,-,-
200151,良バ場◎,「良」のバ場状態が得意になる,ground_condition==1,バ場状態:良,バ場状態:良,〇,-1,瞬時発動,0,0,174,パワーアップ,自分,-,600000,60,-,-,-,-,-,-,-,-,-,-
200152,良バ場○,「良」のバ場状態が少し得意になる,ground_condition==1,バ場状態:良,バ場状態:良,〇,-1,瞬時発動,0,0,129,パワーアップ,自分,-,400000,40,-,-,-,-,-,-,-,-,-,-
200153,良バ場×,「良」のバ場状態が少し苦手になる,ground_condition==1,バ場状態:良,バ場状態:良,〇,-1,瞬時発動,0,0,-129,パワーアップ,自分,-,-400000,-40,-,-,-,-,-,-,-,-,-,-
200161,道悪◎,「稍重」「重」「不良」のバ場状態が得意になる,ground_condition==2@ground_condition==3@ground_condition==4,バ場状態:稍重またはバ場状態:重またはバ場状態:不良,バ場状態:稍重またはバ場状態:重またはバ場状態:不良,〇,-1,瞬時発動,0,0,174,パワーアップ,自分,-,600000,60,-,-,-,-,-,-,-,-,-,-
200162,道悪○,「稍重」「重」「不良」のバ場状態が少し得意になる,ground_condition==2@ground_condition==3@ground_condition==4,バ場状態:稍重またはバ場状態:重またはバ場状態:不良,バ場状態:稍重またはバ場状態:重またはバ場状態:不良,〇,-1,瞬時発動,0,0,129,パワーアップ,自分,-,400000,40,-,-,-,-,-,-,-,-,-,-
200163,道悪×,「稍重」「重」「不良」のバ場状態が少し苦手になる,ground_condition==2@ground_condition==3@ground_condition==4,バ場状態:稍重またはバ場状態:重またはバ場状態:不良,バ場状態:稍重またはバ場状態:重またはバ場状態:不良,〇,-1,瞬時発動,0,0,-129,パワーアップ,自分,-,-400000,-40,-,-,-,-,-,-,-,-,-,-
200171,春ウマ娘◎,春のレースが得意になる,season==1@season==5,季節:春またはseason==5（不明）,季節:春またはseason==5（URAファイナルズorチーム競技場全部？）,〇,-1,瞬時発動,0,0,174,スピードアップ,自分,-,600000,60,-,-,-,-,-,-,-,-,-,-
200172,春ウマ娘○,春のレースが少し得意になる,season==1@season==5,季節:春またはseason==5（不明）,季節:春またはseason==5（URAファイナルズorチーム競技場全部？）,〇,-1,瞬時発動,0,0,129,スピードアップ,自分,-,400000,40,-,-,-,-,-,-,-,-,-,-
200173,春ウマ娘×,春のレースが少し苦手になる,season==1@season==5,季節:春またはseason==5（不明）,季節:春またはseason==5（URAファイナルズorチーム競技場全部？）,〇,-1,瞬時発動,0,0,-129,スピードアップ,自分,-,-400000,-40,-,-,-,-,-,-,-,-,-,-
200181,夏ウマ娘◎,夏のレースが得意になる,season==2,季節:夏,季節:夏,〇,-1,瞬時発動,0,0,174,スピードアップ,自分,-,600000,60,-,-,-,-,-,-,-,-,-,-
200182,夏ウマ娘○,夏のレースが少し得意になる,season==2,季節:夏,季節:夏,〇,-1,瞬時発動,0,0,129,スピードアップ,自分,-,400000,40,-,-,-,-,-,-,-,-,-,-
200183,夏ウマ娘×,夏のレースが少し苦手になる,season==2,季節:夏,季節:夏,〇,-1,瞬時発動,0,0,-129,スピードアップ,自分,-,-400000,-40,-,-,-,-,-,-,-,-,-,-
200191,秋ウマ娘◎,秋のレースが得意になる,season==3,季節:秋,季節:秋,〇,-1,瞬時発動,0,0,174,スピードアップ,自分,-,600000,60,-,-,-,-,-,-,-,-,-,-
200192,秋ウマ娘○,秋のレースが少し得意になる,season==3,季節:秋,季節:秋,〇,-1,瞬時発動,0,0,129,スピードアップ,自分,-,400000,40,-,-,-,-,-,-,-,-,-,-
200193,秋ウマ娘×,秋のレースが少し苦手になる,season==3,季節:秋,季節:秋,〇,-1,瞬時発動,0,0,-129,スピードアップ,自分,-,-400000,-40,-,-,-,-,-,-,-,-,-,-
200201,冬ウマ娘◎,冬のレースが得意になる,season==4,季節:冬,季節:冬,〇,-1,瞬時発動,0,0,174,スピードアップ,自分,-,600000,60,-,-,-,-,-,-,-,-,-,-
200202,冬ウマ娘○,冬のレースが少し得意になる,season==4,季節:冬,季節:冬,〇,-1,瞬時発動,0,0,129,スピードアップ,自分,-,400000,40,-,-,-,-,-,-,-,-,-,-
200203,冬ウマ娘×,冬のレースが少し苦手になる,season==4,季節:冬,季節:冬,〇,-1,瞬時発動,0,0,-129,スピードアップ,自分,-,-400000,-40,-,-,-,-,-,-,-,-,-,-
200211,晴れの日◎,晴れの日のレースが得意になる,weather==1,天気:晴れ,天気:晴れ,〇,-1,瞬時発動,0,0,174,根性アップ,自分,-,600000,60,-,-,-,-,-,-,-,-,-,-
200212,晴れの日○,晴れの日のレースが少し得意になる,weather==1,天気:晴れ,天気:晴れ,〇,-1,瞬時発動,0,0,129,根性アップ,自分,-,400000,40,-,-,-,-,-,-,-,-,-,-
200221,曇りの日◎,曇りの日のレースが得意になる,weather==2,天気:曇り,天気:曇り,〇,-1,瞬時発動,0,0,174,根性アップ,自分,-,600000,60,-,-,-,-,-,-,-,-,-,-
200222,曇りの日○,曇りの日のレースが少し得意になる,weather==2,天気:曇り,天気:曇り,〇,-1,瞬時発動,0,0,129,根性アップ,自分,-,400000,40,-,-,-,-,-,-,-,-,-,-
200231,雨の日◎,雨の日のレースが得意になる,weather==3,天気:雨,天気:雨,〇,-1,瞬時発動,0,0,174,根性アップ,自分,-,600000,60,-,-,-,-,-,-,-,-,-,-
200232,雨の日○,雨の日のレースが少し得意になる,weather==3,天気:雨,天気:雨,〇,-1,瞬時発動,0,0,129,根性アップ,自分,-,400000,40,-,-,-,-,-,-,-,-,-,-
200233,雨の日×,雨の日のレースが少し苦手になる,weather==3,天気:雨,天気:雨,〇,-1,瞬時発動,0,0,-129,根性アップ,自分,-,-400000,-40,-,-,-,-,-,-,-,-,-,-
200241,雪の日◎,雪の日のレースが得意になる,weather==4,天気:雪,天気:雪,〇,-1,瞬時発動,0,0,174,根性アップ,自分,-,600000,60,-,-,-,-,-,-,-,-,-,-
200242,雪の日○,雪の日のレースが少し得意になる,weather==4,天気:雪,天気:雪,〇,-1,瞬時発動,0,0,129,根性アップ,自分,-,400000,40,-,-,-,-,-,-,-,-,-,-
200251,内枠得意◎,枠番が1～3のレースが得意になる,post_number<=3,枠番<=3,枠番:1～3 ＊1～3番,〇,-1,瞬時発動,0,0,174,賢さアップ,自分,-,600000,60,-,-,-,-,-,-,-,-,-,-
200252,内枠得意○,枠番が1～3のレースが少し得意になる,post_number<=3,枠番<=3,枠番:1～3 ＊1～3番,〇,-1,瞬時発動,0,0,129,賢さアップ,自分,-,400000,40,-,-,-,-,-,-,-,-,-,-
200253,内枠苦手,枠番が1～3のレースが少し苦手になる,post_number<=3,枠番<=3,枠番:1～3 ＊1～3番,〇,-1,瞬時発動,0,0,-129,賢さアップ,自分,-,-400000,-40,-,-,-,-,-,-,-,-,-,-
200261,外枠得意◎,枠番が6～8のレースが得意になる,post_number>=6,枠番>=6,枠番:6～8 ＊7～12番,〇,-1,瞬時発動,0,0,174,スピードアップ,自分,-,600000,60,-,-,-,-,-,-,-,-,-,-
200262,外枠得意○,枠番が6～8のレースが少し得意になる,post_number>=6,枠番>=6,枠番:6～8 ＊7～12番,〇,-1,瞬時発動,0,0,129,スピードアップ,自分,-,400000,40,-,-,-,-,-,-,-,-,-,-
200263,外枠苦手,枠番が6～8のレースが少し苦手になる,post_number>=6,枠番>=6,枠番:6～8 ＊7～12番,〇,-1,瞬時発動,0,0,-129,スピードアップ,自分,-,-400000,-40,-,-,-,-,-,-,-,-,-,-
200271,おひとり様◎,自分と同じ作戦のウマ娘がいないと能力を発揮しやすい,running_style_count_same<=1,同じ作戦の馬の数<=1,同じ作戦のウマの数が0,〇,-1,瞬時発動,0,0,174,スピードアップ,自分,-,600000,60,-,-,-,-,-,-,-,-,-,-
200272,おひとり様○,自分と同じ作戦のウマ娘がいないと能力を少し発揮しやすい,running_style_count_same<=1,同じ作戦の馬の数<=1,同じ作戦のウマの数が0,〇,-1,瞬時発動,0,0,129,スピードアップ,自分,-,400000,40,-,-,-,-,-,-,-,-,-,-
200281,対抗意識◎,自分と同じ作戦のウマ娘が6人以上だと能力を発揮しやすい,running_style_count_same>=6,同じ作戦の馬の数>=6,同じ作戦のウマの数が自分含めて6以上,〇,-1,瞬時発動,0,0,174,パワーアップ,自分,-,600000,60,-,-,-,-,-,-,-,-,-,-
200282,対抗意識○,自分と同じ作戦のウマ娘が6人以上だと能力を少し発揮しやすい,running_style_count_same>=6,同じ作戦の馬の数>=6,同じ作戦のウマの数が自分含めて6以上,〇,-1,瞬時発動,0,0,129,パワーアップ,自分,-,400000,40,-,-,-,-,-,-,-,-,-,-
200283,引っ込み思案,自分と同じ作戦のウマ娘が6人以上だと能力を少し発揮しにくい,running_style_count_same>=6,同じ作戦の馬の数>=6,同じ作戦のウマの数が自分含めて6以上,〇,-1,瞬時発動,0,0,-129,パワーアップ,自分,-,-400000,-40,-,-,-,-,-,-,-,-,-,-
200291,徹底マーク◎,1番人気のウマ娘と作戦が同じだと能力を発揮しやすい,running_style_equal_popularity_one==1,一番人気馬との作戦が同じ,一番人気ウマと作戦が同じ,〇,-1,瞬時発動,0,0,174,根性アップ,自分,-,600000,60,-,-,-,-,-,-,-,-,-,-
200292,徹底マーク○,1番人気のウマ娘と作戦が同じだと能力を少し発揮しやすい,running_style_equal_popularity_one==1,一番人気馬との作戦が同じ,一番人気ウマと作戦が同じ,〇,-1,瞬時発動,0,0,129,根性アップ,自分,-,400000,40,-,-,-,-,-,-,-,-,-,-
200301,伏兵◎,4番人気以下のレースで能力を発揮しやすい,popularity>=4,人気>=4,人気が4番目以下,〇,-1,瞬時発動,0,0,174,スピードアップ,自分,-,600000,60,-,-,-,-,-,-,-,-,-,-
200302,伏兵○,4番人気以下のレースで能力を少し発揮しやすい,popularity>=4,人気>=4,人気が4番目以下,〇,-1,瞬時発動,0,0,129,スピードアップ,自分,-,400000,40,-,-,-,-,-,-,-,-,-,-
200311,GⅠ苦手,GⅠなどの大舞台のレースが少し苦手になる,grade==100,GⅠのレース,GⅠのレース,〇,-1,瞬時発動,0,0,-129,スピードアップ,自分,-,-400000,-40,-,-,-,-,-,-,-,-,-,-
200321,小心者,1番人気になる事が少し苦手になる,popularity==1,人気＝1,1番人気,〇,-1,瞬時発動,0,0,-129,スタミナアップ,自分,-,-400000,-40,-,-,-,-,-,-,-,-,-,-
200331,弧線のプロフェッサー,コーナーが得意になり速度が上がる,corner_random==1@corner_random==2@corner_random==3@corner_random==4,コーナー番号==1またはコーナー番号==2またはコーナー番号==3またはコーナー番号==4,"第1コーナーのどこかで発動。第4コーナーも可能性あり(以下具体的な条件記載)
＊第1、第2、第3、第4コーナーそれぞれのランダムな位置で発動トリガーを生成し、通過時発動。同じコーナーを2回通る場合は1回目では発動せず2回目の通過で発動。第1、第4コーナーでのトリガー位置によっては2回発動",×,18000,"1,8",300000,30,508,目標速度アップ,自分,-,3500,"0,35",-,-,-,-,-,-,-,-,-,-
200332,コーナー巧者○,コーナーが得意になり速度がわずかに上がる,corner_random==1@corner_random==2@corner_random==3@corner_random==4,コーナー番号==1またはコーナー番号==2またはコーナー番号==3またはコーナー番号==4,"第1コーナーのどこかで発動。第4コーナーも可能性あり(以下具体的な条件記載)
＊第1、第2、第3、第4コーナーそれぞれのランダムな位置で発動トリガーを生成し、通過時発動。同じコーナーを2回通る場合は1回目では発動せず2回目の通過で発動。第1、第4コーナーでのトリガー位置によっては2回発動",×,18000,"1,8",300000,30,217,目標速度アップ,自分,-,1500,"0,15",-,-,-,-,-,-,-,-,-,-
200333,コーナー巧者×,コーナーが苦手になり速度が少し下がる,corner_random==1@corner_random==2@corner_random==3@corner_random==4,コーナー番号==1またはコーナー番号==2またはコーナー番号==3またはコーナー番号==4,"第1コーナーのどこかで発動。第4コーナーも可能性あり(以下具体的な条件記載)
＊第1、第2、第3、第4コーナーそれぞれのランダムな位置で発動トリガーを生成し、通過時発動。同じコーナーを2回通る場合は1回目では発動せず2回目の通過で発動。第1、第4コーナーでのトリガー位置によっては2回発動",×,18000,"1,8",300000,30,-262,現在速度アップ,自分,-,-2000,"-0,2",-,-,-,-,-,-,-,-,-,-
200341,曲線のソムリエ,華麗なコーナーワークで加速力が上がる,corner_random==1@corner_random==2@corner_random==3@corner_random==4,コーナー番号==1またはコーナー番号==2またはコーナー番号==3またはコーナー番号==4,"第1コーナーのどこかで発動。第4コーナー可能性あり(以下具体的な条件記載)
＊第1、第2、第3、第4コーナーそれぞれのランダムな位置で発動トリガーを生成し、通過時発動。同じコーナーを2回通る場合は1回目では発動せず2回目の通過で発動。第1、第4コーナーでのトリガー位置によっては2回発動",×,18000,"1,8",300000,30,508,加速度アップ,自分,-,4000,"0,4",-,-,-,-,-,-,-,-,-,-
200342,コーナー加速○,華麗なコーナーワークで加速力がわずかに上がる,corner_random==1@corner_random==2@corner_random==3@corner_random==4,コーナー番号==1またはコーナー番号==2またはコーナー番号==3またはコーナー番号==4,"第1コーナーのどこかで発動。第4コーナー可能性あり(以下具体的な条件記載)
＊第1、第2、第3、第4コーナーそれぞれのランダムな位置で発動トリガーを生成し、通過時発動。同じコーナーを2回通る場合は1回目では発動せず2回目の通過で発動。第1、第4コーナーでのトリガー位置によっては2回発動",×,18000,"1,8",300000,30,217,加速度アップ,自分,-,2000,"0,2",-,-,-,-,-,-,-,-,-,-
200343,コーナー加速×,ぎこちないコーナーワークで加速力が少し下がる,corner_random==1@corner_random==2@corner_random==3@corner_random==4,コーナー番号==1またはコーナー番号==2またはコーナー番号==3またはコーナー番号==4,"第1コーナーのどこかで発動。第4コーナー可能性あり(以下具体的な条件記載)
＊第1、第2、第3、第4コーナーそれぞれのランダムな位置で発動トリガーを生成し、通過時発動。同じコーナーを2回通る場合は1回目では発動せず2回目の通過で発動。第1、第4コーナーでのトリガー位置によっては2回発動",×,18000,"1,8",300000,30,-262,加速度アップ,自分,-,-2000,"-0,2",-,-,-,-,-,-,-,-,-,-
200351,円弧のマエストロ,無駄のないコーナリングで持久力が回復する,corner_random==1@corner_random==2@corner_random==3@corner_random==4,コーナー番号==1またはコーナー番号==2またはコーナー番号==3またはコーナー番号==4,"第1コーナーのどこかで発動。（以下具体的な発動条件記載）
＊第1、第2、第3、第4コーナーそれぞれのランダムな位置で発動トリガーを生成し、通過時発動。（クールタイムにより最初に発動した場所以降発動無し。同じコーナーを2回通る場合は1回目では発動せず2回目の通過で発動）",×,0,瞬時発動,5000000,500,508,体力回復,自分,-,550,"0,055",-,-,-,-,-,-,-,-,-,-
200352,コーナー回復○,無駄のないコーナリングで持久力がわずかに回復する,corner_random==1@corner_random==2@corner_random==3@corner_random==4,コーナー番号==1またはコーナー番号==2またはコーナー番号==3またはコーナー番号==4,"第1コーナーのどこかで発動。（以下具体的な発動条件記載）
＊第1、第2、第3、第4コーナーそれぞれのランダムな位置で発動トリガーを生成し、通過時発動。（クールタイムにより最初に発動した場所以降発動無し。同じコーナーを2回通る場合は1回目では発動せず2回目の通過で発動）",×,0,瞬時発動,5000000,500,217,体力回復,自分,-,150,"0,015",-,-,-,-,-,-,-,-,-,-
200353,コーナー回復×,無駄の多いコーナリングで持久力が少し減少する,corner_random==1@corner_random==2@corner_random==3@corner_random==4,コーナー番号==1またはコーナー番号==2またはコーナー番号==3またはコーナー番号==4,"第1コーナーのどこかで発動。（以下具体的な発動条件記載）
＊第1、第2、第3、第4コーナーそれぞれのランダムな位置で発動トリガーを生成し、通過時発動。（クールタイムにより最初に発動した場所以降発動無し。同じコーナーを2回通る場合は1回目では発動せず2回目の通過で発動）",×,0,瞬時発動,5000000,500,-262,体力回復,自分,-,-200,"-0,02",-,-,-,-,-,-,-,-,-,-
200361,ハヤテ一文字,直線で速度が上がる,straight_random==1,直線である（ランダム？）,直線を1つ選んで、その範囲のどこかでランダム発動,×,9000,"0,9",300000,30,508,目標速度アップ,自分,-,3500,"0,35",-,-,-,-,-,-,-,-,-,-
200362,直線巧者,直線で速度がわずかに上がる,straight_random==1,直線である（ランダム？）,直線を1つ選んで、その範囲のどこかでランダム発動,×,9000,"0,9",300000,30,217,目標速度アップ,自分,-,1500,"0,15",-,-,-,-,-,-,-,-,-,-
200371,一陣の風,直線で加速力が上がる,straight_random==1,直線である（ランダム？）,直線を1つ選んで、その範囲のどこかでランダム発動,×,18000,"1,8",300000,30,508,加速度アップ,自分,-,4000,"0,4",-,-,-,-,-,-,-,-,-,-
200372,直線加速,直線で加速力がわずかに上がる,straight_random==1,直線である（ランダム？）,直線を1つ選んで、その範囲のどこかでランダム発動,×,18000,"1,8",300000,30,217,加速度アップ,自分,-,2000,"0,2",-,-,-,-,-,-,-,-,-,-
200381,好転一息,直線で持久力が回復する,straight_random==1,直線である（ランダム？）,直線を1つ選んで、その範囲のどこかでランダム発動,×,0,瞬時発動,5000000,500,508,体力回復,自分,-,550,"0,055",-,-,-,-,-,-,-,-,-,-
200382,直線回復,直線で持久力がわずかに回復する,straight_random==1,直線である（ランダム？）,直線を1つ選んで、その範囲のどこかでランダム発動,×,0,瞬時発動,5000000,500,217,体力回復,自分,-,150,"0,015",-,-,-,-,-,-,-,-,-,-
200391,坂苦手,上り坂で少し疲れてしまいがちになる,slope==1,上り坂,上り坂,×,0,瞬時発動,5000000,500,-262,体力回復,自分,-,-200,"-0,02",-,-,-,-,-,-,-,-,-,-
200401,バ群嫌い,周りを囲まれると持久力が少し減少する,accumulatetime>=2&blocked_all_continuetime>=1,発動までの猶予時間>=2&囲まれた時間>=1,開始2秒後以降、囲まれた時間が1秒以上,×,0,瞬時発動,5000000,500,-262,体力回復,自分,-,-200,"-0,02",-,-,-,-,-,-,-,-,-,-
200411,あきらめ癖,最終直線で最後方付近にいると少しあきらめてしまいがちになる,is_finalcorner==1&is_lastspurt==1&straight_random==1&corner==0&distance_diff_rate>=75,最終コーナー＝到達&ラストスパート中＝〇&直線である（ランダム？）&全ウマ娘の距離の差における前からの率（数字が小さいほど前）>=75%,最終コーナー直線において、ラストスパート中かつ、全ウマ娘の距離の差が前から75%以降,×,30000,3,300000,30,-262,現在速度アップ,自分,-,-2000,"-0,2",-,-,-,-,-,-,-,-,-,-
200421,手抜き癖,残り200m付近で先頭だと少し油断しがちになる,remain_distance==200&order==1&bashin_diff_behind>=1,残り距離==200&順位＝1&後ろの馬との距離（馬身数）>=1,残り200mにおいて順位が1位の時、後ろのウマと1バ身以上,×,30000,3,300000,30,-262,現在速度アップ,自分,-,-2000,"-0,2",-,-,-,-,-,-,-,-,-,-
200431,コンセントレーション,スタートが得意になり出遅れる時間が少なくなる,always==1,always==1,スタート時,×,0,瞬時発動,5000000,500,394,出遅れ回避,自分,-,4000,"0,4",-,-,-,-,-,-,-,-,-,-
200432,集中力,スタートが得意になり出遅れる時間がわずかに少なくなる,always==1,always==1,スタート時,×,0,瞬時発動,5000000,500,129,出遅れ回避,自分,-,9000,"0,9",-,-,-,-,-,-,-,-,-,-
200433,ゲート難,スタートが苦手になり出遅れる時間が少し増える,always==1,always==1,スタート時,×,0,瞬時発動,5000000,500,-174,出遅れ回避,自分,-,15000,"1,5",-,-,-,-,-,-,-,-,-,-
200441,鋼の意志,レース序盤に前が詰まった時に強い意志を保ち持久力が回復する,phase==0&accumulatetime>=5&blocked_front_continuetime>=1,レース序盤&発動までの猶予時間>=5&前をふさがれた時間>=1,開始5秒後以降、レース序盤のうちに前をふさがれた時間が1秒以上,×,0,瞬時発動,5000000,500,508,体力回復,自分,-,550,"0,055",-,-,-,-,-,-,-,-,-,-
200442,隠れ蓑,レース序盤に前が詰まった時に隠れて持久力がわずかに回復する,phase==0&accumulatetime>=5&blocked_front_continuetime>=1,レース序盤&発動までの猶予時間>=5&前をふさがれた時間>=1,開始5秒後以降、レース序盤のうちに前をふさがれた時間が1秒以上,×,0,瞬時発動,5000000,500,217,体力回復,自分,-,150,"0,015",-,-,-,-,-,-,-,-,-,-
200451,注目の踊り子,レース序盤にコース取りがうまくなる,phase_random==0,レース序盤（ランダム判定？）,レース序盤のランダムな位置,×,30000,3,5000000,500,334,レーン移動速度アップ,自分,-,350,"0,035",-,-,-,-,-,-,-,-,-,-
200452,ポジションセンス,レース序盤にコース取りが少しうまくなる,phase_random==0,レース序盤（ランダム判定？）,レース序盤のランダムな位置,×,30000,3,5000000,500,129,レーン移動速度アップ,自分,-,250,"0,025",-,-,-,-,-,-,-,-,-,-
200461,アガッてきた！,レース中盤に追い抜くと速度が上がる,phase==1&change_order_onetime<0,レース中盤&変動順位<0,レース中盤で順位を1つでもあげる,×,18000,"1,8",300000,30,508,目標速度アップ,自分,-,3500,"0,35",-,-,-,-,-,-,-,-,-,-
200462,ペースアップ,レース中盤に追い抜くと速度がわずかに上がる,phase==1&change_order_onetime<0,レース中盤&変動順位<0,レース中盤で順位を1つでもあげる,×,18000,"1,8",300000,30,217,目標速度アップ,自分,-,1500,"0,15",-,-,-,-,-,-,-,-,-,-
200471,不屈の心,レース中盤に追い抜かれると持久力が回復する,phase==1&change_order_onetime>0,レース中盤&変動順位>0,レース中盤に順位を1つでも抜かされる,×,0,瞬時発動,5000000,500,508,体力回復,自分,-,550,"0,055",-,-,-,-,-,-,-,-,-,-
200472,ペースキープ,レース中盤に追い抜かれると持久力がわずかに回復する,phase==1&change_order_onetime>0,レース中盤&変動順位>0,レース中盤に順位を1つでも抜かされる,×,0,瞬時発動,5000000,500,217,体力回復,自分,-,150,"0,015",-,-,-,-,-,-,-,-,-,-
200481,どこ吹く風,レース中盤に囲まれると持久力が回復する,phase==1&blocked_all_continuetime>=1,レース中盤&囲まれた時間>=1,レース中盤、囲まれた時間が1秒以上,×,0,瞬時発動,5000000,500,508,体力回復,自分,-,550,"0,055",-,-,-,-,-,-,-,-,-,-
200482,ウマ込み冷静,レース中盤に囲まれると持久力がわずかに回復する,phase==1&blocked_all_continuetime>=1,レース中盤&囲まれた時間>=1,レース中盤、囲まれた時間が1秒以上,×,0,瞬時発動,5000000,500,217,体力回復,自分,-,150,"0,015",-,-,-,-,-,-,-,-,-,-
200491,ノンストップガール,ラストスパートで前が塞がれた時の立ち回りがうまくなる,blocked_front_continuetime>=1&is_lastspurt==1&hp_per>=1,前をふさがれた時間>=1&ラストスパート中＝〇&スタミナ割合>=1%,ラストスパート中において、スタミナ割合1%以上ある際に、前をふさがれた時間が1秒以上,×,30000,3,300000,30,394,加速度アップ,自分,-,4000,"0,4",レーン移動速度アップ,自分,-,250,"0,025",-,-,-,-,-
200492,垂れウマ回避,ラストスパートで前が塞がれた時の立ち回りがわずかにうまくなる,blocked_front_continuetime>=1&is_lastspurt==1&hp_per>=1,前をふさがれた時間>=1&ラストスパート中＝〇&スタミナ割合>=1%,ラストスパート中において、スタミナ割合1%以上ある際に、前をふさがれた時間が1秒以上,×,30000,3,300000,30,174,加速度アップ,自分,-,2000,"0,2",レーン移動速度アップ,自分,-,50,"0,005",-,-,-,-,-
200501,レーンの魔術師,レース終盤にコース取りがうまくなる,phase_random==2,レース終盤（ランダム判定？）,レース終盤のランダムな位置,×,30000,3,5000000,500,334,レーン移動速度アップ,自分,-,350,"0,035",-,-,-,-,-,-,-,-,-,-
200502,臨機応変,レース終盤にコース取りが少しうまくなる,phase_random==2,レース終盤（ランダム判定？）,レース終盤のランダムな位置,×,30000,3,5000000,500,129,レーン移動速度アップ,自分,-,250,"0,025",-,-,-,-,-,-,-,-,-,-
200511,全身全霊,ラストスパートで速度が上がる,is_lastspurt==1&phase_random==3,ラストスパート中＝〇&レース終盤の後半,レース終盤の後半において、ラストスパート中である,×,18000,"1,8",5000000,500,508,目標速度アップ,自分,-,3500,"0,35",-,-,-,-,-,-,-,-,-,-
200512,末脚,ラストスパートで速度がわずかに上がる,is_lastspurt==1&phase_random==3,ラストスパート中＝〇&レース終盤の後半,レース終盤の後半において、ラストスパート中である,×,18000,"1,8",5000000,500,217,目標速度アップ,自分,-,1500,"0,15",-,-,-,-,-,-,-,-,-,-
200521,空回り,先頭で大きくリードし過ぎると少し疲れてしまいがちになる,accumulatetime>=2&order==1&bashin_diff_behind>=1,発動までの猶予時間>=2&順位＝1&後ろの馬との距離（馬身数）>=1,開始2秒後以降、順位が1位で後ろの馬との距離が1馬身以上,×,0,瞬時発動,5000000,500,-262,体力回復,自分,-,-200,"-0,02",-,-,-,-,-,-,-,-,-,-
200531,先手必勝,レース序盤で前に行きやすくなる＜作戦・逃げ＞,running_style==1&phase==0&accumulatetime>=5,作戦：逃げ&レース序盤&発動までの猶予時間>=5,【逃げ】レース序盤において、開始5秒後(5秒以降だが他にランダム条件ないため),×,12000,"1,2",5000000,500,334,加速度アップ,自分,-,4000,"0,4",-,-,-,-,-,-,-,-,-,-
200532,先駆け,レース序盤でわずかに前に行きやすくなる＜作戦・逃げ＞,running_style==1&phase==0&accumulatetime>=5,作戦：逃げ&レース序盤&発動までの猶予時間>=5,【逃げ】レース序盤において、開始5秒後(5秒以降だが他にランダム条件ないため),×,12000,"1,2",5000000,500,217,加速度アップ,自分,-,2000,"0,2",-,-,-,-,-,-,-,-,-,-
200541,脱出術,レース中盤で前に行きやすくなる＜作戦・逃げ＞,running_style==1&phase_random==1&order_rate<=50,作戦：逃げ&レース中盤(ランダム判定？)&順位率<=50%,【逃げ】レース中盤のランダムな区間内において順位率50%以内[1～6位],×,30000,3,5000000,500,508,目標速度アップ,自分,-,3500,"0,35",-,-,-,-,-,-,-,-,-,-
200542,急ぎ足,レース中盤でわずかに前に行きやすくなる＜作戦・逃げ＞,running_style==1&phase_random==1&order_rate<=50,作戦：逃げ&レース中盤(ランダム判定？)&順位率<=50%,【逃げ】レース中盤のランダムな区間内において順位率50%以内[1～6位],×,30000,3,5000000,500,217,目標速度アップ,自分,-,1500,"0,15",-,-,-,-,-,-,-,-,-,-
200551,逃亡者,最終コーナーで先頭をキープしやすくなる＜作戦・逃げ＞,running_style==1&is_finalcorner_random==1&order==1,作戦：逃げ&最終コーナー番号＝１（ランダム）&順位＝1,【逃げ】最終コーナーのランダムな区間内において、順位が1位の時,×,30000,3,5000000,500,508,加速度アップ,自分,-,4000,"0,4",-,-,-,-,-,-,-,-,-,-
200552,押し切り準備,最終コーナーで先頭をわずかにキープしやすくなる＜作戦・逃げ＞,running_style==1&is_finalcorner_random==1&order==1,作戦：逃げ&最終コーナー番号＝１（ランダム）&順位＝1,【逃げ】最終コーナーのランダムな区間内において、順位が1位の時,×,30000,3,5000000,500,217,加速度アップ,自分,-,2000,"0,2",-,-,-,-,-,-,-,-,-,-
200561,余裕綽々,レース序盤で疲れにくくなる＜作戦・先行＞,running_style==2&phase_random==0&accumulatetime>=5&order_rate<=50,作戦：先行&レース序盤（ランダム判定？）&発動までの猶予時間>=5&順位率<=50%,【先行】レース序盤のランダムな区間内で、開始5秒後以降、順位率50%以内[1～6位],×,0,瞬時発動,5000000,500,508,体力回復,自分,-,550,"0,055",-,-,-,-,-,-,-,-,-,-
200562,スタミナキープ,レース序盤でわずかに疲れにくくなる＜作戦・先行＞,running_style==2&phase_random==0&accumulatetime>=5&order_rate<=50,作戦：先行&レース序盤（ランダム判定？）&発動までの猶予時間>=5&順位率<=50%,【先行】レース序盤のランダムな区間内で、開始5秒後以降、順位率50%以内[1～6位],×,0,瞬時発動,5000000,500,217,体力回復,自分,-,150,"0,015",-,-,-,-,-,-,-,-,-,-
200571,レースプランナー,レース中盤で疲れにくくなる＜作戦・先行＞,running_style==2&phase_random==1&order_rate<=50,作戦：先行&レース中盤(ランダム判定？)&順位率<=50%,【先行】レース中盤のランダムな区間内で、順位率50%以内[1～6位],×,0,瞬時発動,5000000,500,508,体力回復,自分,-,550,"0,055",-,-,-,-,-,-,-,-,-,-
200572,好位追走,レース中盤でわずかに疲れにくくなる＜作戦・先行＞,running_style==2&phase_random==1&order_rate<=50,作戦：先行&レース中盤(ランダム判定？)&順位率<=50%,【先行】レース中盤のランダムな区間内において、順位率50%以内[1～6位],×,-1,瞬時発動,5000000,500,217,体力回復,自分,-,150,"0,015",-,-,-,-,-,-,-,-,-,-
200581,スピードスター,最終コーナーで抜け出しやすくなる＜作戦・先行＞,running_style==2&is_finalcorner_random==1&order_rate<=50,作戦：先行&最終コーナー到達(ランダム判定？)&順位率<=50%,【先行】最終コーナーのランダムな区間内で、順位率50%以内[1～6位],×,12000,"1,2",5000000,500,508,目標速度アップ,自分,-,3500,"0,35",-,-,-,-,-,-,-,-,-,-
200582,抜け出し準備,最終コーナーでわずかに抜け出しやすくなる＜作戦・先行＞,running_style==2&is_finalcorner_random==1&order_rate<=50,作戦：先行&最終コーナー番号＝１（ランダム）&順位率<=50%,【先行】最終コーナーのランダムな区間内において、順位率50%以内[1～6位],×,12000,"1,2",5000000,500,217,目標速度アップ,自分,-,1500,"0,15",-,-,-,-,-,-,-,-,-,-
200591,迅速果断,レース中盤で速度が上がる＜作戦・差し＞,running_style==3&phase_random==1&order_rate>50,作戦：差し&レース中盤(ランダム判定？)&順位率>50%,【差し】レース中盤のランダムな区間内において、順位率50%より後ろ[7～12位],×,18000,"1,8",5000000,500,508,目標速度アップ,自分,-,3500,"0,35",-,-,-,-,-,-,-,-,-,-
200592,位置取り押し上げ,レース中盤で速度がわずかに上がる＜作戦・差し＞,running_style==3&phase_random==1&order_rate>50,作戦：差し&レース中盤(ランダム判定？)&順位率>50%,【差し】レース中盤のランダムな区間内において、順位率50%より後ろ[7～12位],×,18000,"1,8",5000000,500,217,目標速度アップ,自分,-,1500,"0,15",-,-,-,-,-,-,-,-,-,-
200601,乗り換え上手,レース終盤で加速力が上がる＜作戦・差し＞,running_style==3&phase_random==2&order_rate>50,作戦：差し&レース終盤（ランダム判定？）&順位率>50%,【差し】レース終盤のランダムな区間内において、順位率50%より後ろ[7～12位],×,18000,"1,8",5000000,500,508,加速度アップ,自分,-,4000,"0,4",-,-,-,-,-,-,-,-,-,-
200602,差し切り体勢,レース終盤で加速力がわずかに上がる＜作戦・差し＞,running_style==3&phase_random==2&order_rate>50,作戦：差し&レース終盤（ランダム判定？）&順位率>50%,【差し】レース終盤のランダムな区間内において、順位率50%より後ろ[7～12位],×,18000,"1,8",5000000,500,217,加速度アップ,自分,-,2000,"0,2",-,-,-,-,-,-,-,-,-,-
200611,昇り龍,最終コーナーで外から追い抜くと速度が上がる＜作戦・差し＞,running_style==3&is_finalcorner==1&corner!=0&is_behind_in==1&change_order_onetime<0,作戦：差し&最終コーナー＝到達&コーナーである&自分が他のウマ娘の背後にいる=〇&変動順位<0,【差し】最終コーナにおいて、1つでも順位を上げた際に自分の内側背後にウマがいる,×,30000,3,5000000,500,508,目標速度アップ,自分,-,3500,"0,35",-,-,-,-,-,-,-,-,-,-
200612,外差し準備,最終コーナーで外から追い抜くと速度がわずかに上がる＜作戦・差し＞,running_style==3&is_finalcorner==1&corner!=0&is_behind_in==1&change_order_onetime<0,作戦：差し&最終コーナー＝到達&コーナーである&自分が他のウマ娘の背後にいる=〇&変動順位<0,【差し】最終コーナにおいて、1つでも順位を上げた際に自分の内側背後にウマがいる,×,30000,3,5000000,500,217,目標速度アップ,自分,-,1500,"0,15",-,-,-,-,-,-,-,-,-,-
200621,眠れる獅子,レース中盤に脚を溜めて疲れにくくなる＜作戦・追込＞,running_style==4&phase_random==1&distance_diff_rate>=75,作戦：追込&レース中盤(ランダム判定？)&全ウマ娘の距離の差における前からの率（数字が小さいほど前）>=75%,【追込】レース中盤のランダムな区間内で、全ウマ娘の距離の差における前から75％より後ろの位置の場合（1位と12位のウマの距離間のうち75％より後ろ）,×,0,瞬時発動,5000000,500,508,体力回復,自分,-,550,"0,055",-,-,-,-,-,-,-,-,-,-
200622,後方待機,レース中盤に脚を溜めてわずかに疲れにくくなる＜作戦・追込＞,running_style==4&phase_random==1&distance_diff_rate>=75,作戦：追込&レース中盤(ランダム判定？)&全ウマ娘の距離の差における前からの率（数字が小さいほど前）>=75%,【追込】レース中盤のランダムな区間内で、全ウマ娘の距離の差における前から75％より後ろの位置の場合（1位と12位のウマの距離間のうち75％より後ろ）,×,0,瞬時発動,5000000,500,217,体力回復,自分,-,150,"0,015",-,-,-,-,-,-,-,-,-,-
200631,疾風怒濤,レース終盤に追い込み態勢に入り位置を上げる＜作戦・追込＞,running_style==4&phase_random==2&distance_diff_rate>=75,作戦：追込&レース終盤（ランダム判定？）&全ウマ娘の距離の差における前からの率（数字が小さいほど前）>=75%,【追込】レース終盤のランダムな区間内において、全ウマ娘の距離の差が前から75%以降,×,30000,3,5000000,500,508,目標速度アップ,自分,-,3500,"0,35",-,-,-,-,-,-,-,-,-,-
200632,仕掛け抜群,レース終盤に追い込み態勢に入り位置をわずかに上げる＜作戦・追込＞,running_style==4&phase_random==2&distance_diff_rate>=75,作戦：追込&レース終盤（ランダム判定？）&全ウマ娘の距離の差における前からの率（数字が小さいほど前）>=75%,【追込】レース終盤のランダムな区間内において、全ウマ娘の距離の差が前から75%以降,×,30000,3,5000000,500,217,目標速度アップ,自分,-,1500,"0,15",-,-,-,-,-,-,-,-,-,-
200641,迫る影,ラストスパートの直線で加速力が上がる＜作戦・追込＞,running_style==4&is_lastspurt==1&corner==0,作戦：追込&ラストスパート中&直線である,【追込】直線において、ラストスパート中である,×,9000,"0,9",5000000,500,508,加速度アップ,自分,-,4000,"0,4",-,-,-,-,-,-,-,-,-,-
200642,直線一気,ラストスパートの直線で加速力がわずかに上がる＜作戦・追込＞,running_style==4&is_lastspurt==1&corner==0,作戦：追込&ラストスパート中&直線である,【追込】直線において、ラストスパート中である,×,9000,"0,9",5000000,500,217,加速度アップ,自分,-,2000,"0,2",-,-,-,-,-,-,-,-,-,-
200651,スプリントターボ,直線で加速力が上がる＜短距離＞,distance_type==1&straight_random==1,短距離&直線である（ランダム？）,〈短距離〉直線を1つ選んで、その範囲のどこかでランダム発動,×,30000,3,5000000,500,508,加速度アップ,自分,-,4000,"0,4",-,-,-,-,-,-,-,-,-,-
200652,スプリントギア,直線で加速力がわずかに上がる＜短距離＞,distance_type==1&straight_random==1,短距離&直線である（ランダム？）,〈短距離〉直線を1つ選んで、その範囲のどこかでランダム発動,×,30000,3,5000000,500,217,加速度アップ,自分,-,2000,"0,2",-,-,-,-,-,-,-,-,-,-
200662,様子見,レース中盤に後ろの方だとわずかに疲れにくくなる＜短距離＞,distance_type==1&phase_random==1&order_rate>50,短距離&レース中盤(ランダム判定？)&順位率>50%,〈短距離〉レース中盤のランダムな区間内で、順位率50%より後ろ[7～12位],×,0,瞬時発動,5000000,500,217,体力回復,自分,-,150,"0,015",-,-,-,-,-,-,-,-,-,-
200671,電撃の煌めき,レース終盤に後ろの方だとスパートしやすくなる＜短距離＞,distance_type==1&phase_random==2&order_rate>50,短距離&レース終盤（ランダム判定？）&順位率>50%,〈短距離〉レース終盤のランダムな区間内において、順位率50%より後ろ[7～12位],×,30000,3,5000000,500,508,目標速度アップ,自分,-,3500,"0,35",-,-,-,-,-,-,-,-,-,-
200672,詰め寄り,レース終盤に後ろの方だとわずかにスパートしやすくなる＜短距離＞,distance_type==1&phase_random==2&order_rate>50,短距離&レース終盤（ランダム判定？）&順位率>50%,〈短距離〉レース終盤のランダムな区間内において、順位率50%より後ろ[7～12位],×,30000,3,5000000,500,217,目標速度アップ,自分,-,1500,"0,15",-,-,-,-,-,-,-,-,-,-
200681,マイルの支配者,レース序盤に先頭だと差を広げやすくなる＜マイル＞,distance_type==2&phase_random==0&accumulatetime>=5&order==1,マイル&レース序盤（ランダム判定？）&発動までの猶予時間>=5&順位＝1,〈マイル〉レース序盤のランダムな区間内において、開始5秒後以降、順位が1位,×,30000,3,5000000,500,508,目標速度アップ,自分,-,3500,"0,35",-,-,-,-,-,-,-,-,-,-
200682,積極策,レース序盤に先頭だとわずかに差を広げやすくなる＜マイル＞,distance_type==2&phase_random==0&accumulatetime>=5&order==1,マイル&レース序盤（ランダム判定？）&発動までの猶予時間>=5&順位＝1,〈マイル〉レース序盤のランダムな区間内において、開始5秒後以降、順位が1位,×,30000,3,5000000,500,217,目標速度アップ,自分,-,1500,"0,15",-,-,-,-,-,-,-,-,-,-
200691,慧眼,レース序盤に後ろの方だと疲れにくくなる＜マイル＞,distance_type==2&phase_random==0&accumulatetime>=5&order_rate>50,マイル&レース序盤（ランダム判定？）&発動までの猶予時間>=5&順位率>50%,〈マイル〉レース序盤のランダムな区間内で、開始5秒後以降、順位率50%より後ろ[7～12位],×,0,瞬時発動,5000000,500,508,体力回復,自分,-,550,"0,055",-,-,-,-,-,-,-,-,-,-
200692,展開窺い,レース序盤に後ろの方だとわずかに疲れにくくなる＜マイル＞,distance_type==2&phase_random==0&accumulatetime>=5&order_rate>50,マイル&レース序盤（ランダム判定？）&発動までの猶予時間>=5&順位率>50%,〈マイル〉レース序盤のランダムな区間内で、開始5秒後以降、順位率50%より後ろ[7～12位],×,0,瞬時発動,5000000,500,217,体力回復,自分,-,150,"0,015",-,-,-,-,-,-,-,-,-,-
200701,豪脚,レース終盤に後ろの方だと追い抜く力が上がる＜マイル＞,distance_type==2&phase_random==2&order_rate>50,マイル&レース終盤（ランダム判定？）&順位率>50%,〈マイル〉レース終盤のランダムな区間内において、順位率50%より後ろ[7～12位],×,30000,3,5000000,500,508,加速度アップ,自分,-,4000,"0,4",-,-,-,-,-,-,-,-,-,-
200702,上昇気流,レース終盤に後ろの方だと追い抜く力がわずかに上がる＜マイル＞,distance_type==2&phase_random==2&order_rate>50,マイル&レース終盤（ランダム判定？）&順位率>50%,〈マイル〉レース終盤のランダムな区間内において、順位率50%より後ろ[7～12位],×,30000,3,5000000,500,217,加速度アップ,自分,-,2000,"0,2",-,-,-,-,-,-,-,-,-,-
200711,切り開く者,レース中盤に先頭だと疲れにくくなる＜中距離＞,distance_type==3&phase_random==1&order==1,中距離&レース中盤(ランダム判定？)&順位＝1,〈中距離〉レース中盤のランダムな区間内で、1位,×,0,瞬時発動,5000000,500,508,体力回復,自分,-,550,"0,055",-,-,-,-,-,-,-,-,-,-
200712,前途洋々,レース中盤に先頭だとわずかに疲れにくくなる＜中距離＞,distance_type==3&phase_random==1&order==1,中距離&レース中盤(ランダム判定？)&順位＝1,〈中距離〉レース中盤のランダムな区間内で、1位,×,0,瞬時発動,5000000,500,217,体力回復,自分,-,150,"0,015",-,-,-,-,-,-,-,-,-,-
200721,キラーチューン,レース中盤に前の方だと好位置を取りやすくなる＜中距離＞,distance_type==3&phase_random==1&order_rate<=50,中距離&レース中盤(ランダム判定？)&順位率<=50%,〈中距離〉レース中盤のランダムな区間内において、順位率50%以内[1～6位],×,9000,"0,9",5000000,500,508,目標速度アップ,自分,-,3500,"0,35",-,-,-,-,-,-,-,-,-,-
200722,テンポアップ,レース中盤に前の方だとわずかに好位置を取りやすくなる＜中距離＞,distance_type==3&phase_random==1&order_rate<=50,中距離&レース中盤(ランダム判定？)&順位率<=50%,〈中距離〉レース中盤のランダムな区間内において、順位率50%以内[1～6位],×,9000,"0,9",5000000,500,217,目標速度アップ,自分,-,1500,"0,15",-,-,-,-,-,-,-,-,-,-
200731,勝利への執念,最終コーナーで追い抜かれると差し返しやすくなる＜中距離＞,distance_type==3&is_finalcorner==1&corner!=0&change_order_onetime>0,中距離&最終コーナー＝到達&コーナーである&変動順位>0,〈中距離〉最終コーナーにおいて追い抜かれる,×,30000,3,5000000,500,508,目標速度アップ,自分,-,3500,"0,35",-,-,-,-,-,-,-,-,-,-
200732,食い下がり,最終コーナーで追い抜かれるとわずかに差し返しやすくなる＜中距離＞,distance_type==3&is_finalcorner==1&corner!=0&change_order_onetime>0,中距離&最終コーナー＝到達&コーナーである&変動順位>0,〈中距離〉最終コーナーにおいて追い抜かれる,×,30000,3,5000000,500,217,目標速度アップ,自分,-,1500,"0,15",-,-,-,-,-,-,-,-,-,-
200741,クールダウン,直線に入ると息を入れて疲れにくくなる＜長距離＞,distance_type==4&straight_random==1,長距離&直線である（ランダム？）,〈長距離〉直線のどこかで発動,×,0,瞬時発動,5000000,500,508,体力回復,自分,-,550,"0,055",-,-,-,-,-,-,-,-,-,-
200742,深呼吸,直線に入ると息を入れてわずかに疲れにくくなる＜長距離＞,distance_type==4&straight_random==1,長距離&直線である（ランダム？）,〈長距離〉直線のどこかで発動,×,0,瞬時発動,5000000,500,217,体力回復,自分,-,150,"0,015",-,-,-,-,-,-,-,-,-,-
200751,内的体験,最終コーナーで内ラチ側にいると速度が上がる＜長距離＞,distance_type==4&is_finalcorner==1&corner!=0&lane_type==0,長距離&最終コーナー＝到達&コーナーである&内ラチ側,〈長距離〉最終コーナーにおいて、最内レーン,×,30000,3,5000000,500,508,目標速度アップ,自分,-,3500,"0,35",-,-,-,-,-,-,-,-,-,-
200752,内弁慶,最終コーナーで内ラチ側にいると速度がわずかに上がる＜長距離＞,distance_type==4&is_finalcorner==1&corner!=0&lane_type==0,長距離&最終コーナー＝到達&コーナーである&内ラチ側,〈長距離〉最終コーナーにおいて、最内レーン,×,30000,3,5000000,500,217,目標速度アップ,自分,-,1500,"0,15",-,-,-,-,-,-,-,-,-,-
200761,火事場のバ鹿力,力を出し切った時に走る気力が復活する＜長距離＞,distance_type==4&is_hp_empty_onetime==1,長距離&スタミナが切れたとき,〈長距離〉スタミナが切れたとき,×,0,瞬時発動,5000000,500,508,体力回復,自分,-,550,"0,055",-,-,-,-,-,-,-,-,-,-
200762,別腹タンク,力を出し切った時に走る気力がわずかに復活する＜長距離＞,distance_type==4&is_hp_empty_onetime==1,長距離&スタミナが切れたとき,〈長距離〉スタミナが切れたとき,×,0,瞬時発動,5000000,500,217,体力回復,自分,-,150,"0,015",-,-,-,-,-,-,-,-,-,-
200771,トリック（前）,レース中盤に前の方にいると後ろの掛かったウマ娘がわずかに疲れる,phase==1&order_rate<=50&temptation_count_behind>=1,レース中盤&順位率<=50％&後ろの馬の掛かりカウント>=1,レース中盤で、順位率50%以内[1～6位]の際に、後ろの馬が掛かった時,×,0,瞬時発動,5000000,500,217,体力回復,後方の対象ウマ,掛かり,-100,"-0,01",-,-,-,-,-,-,-,-,-,-
200781,トリック（後）,レース中盤に後ろの方にいると前の掛かったウマ娘がわずかに疲れる,phase==1&order_rate>50&temptation_count_infront>=1,レース中盤&順位率>50％&前の馬の掛かりカウント>=1,レース中盤で、順位率50%より後ろ[7～12位]の際に、前の馬が掛かった時,×,0,瞬時発動,5000000,500,217,体力回復,前方の対象ウマ,掛かり,-100,"-0,01",-,-,-,-,-,-,-,-,-,-
200791,逃げ駆け引き,作戦が逃げのウマ娘が掛かると落ち着くまで時間がかかる,running_style_temptation_count_nige>=1&is_temptation==0,逃げウマの掛かりカウント>=1&自分が掛かっていない,逃げウマが掛かっていて、自分が掛かっていない,×,0,瞬時発動,5000000,500,174,掛かり終了時間増加,掛かりウマ,逃げ＋掛かり,50000,5,-,-,-,-,-,-,-,-,-,-
200801,先行駆け引き,作戦が先行のウマ娘が掛かると落ち着くまで時間がかかる,running_style_temptation_count_senko>=1&is_temptation==0,先行ウマの掛かりカウント>=1&自分が掛かっていない,先行ウマが掛かっていて、自分が掛かっていない,×,0,瞬時発動,5000000,500,174,掛かり終了時間増加,掛かりウマ,先行＋掛かり,50000,5,-,-,-,-,-,-,-,-,-,-
200811,差し駆け引き,作戦が差しのウマ娘が掛かると落ち着くまで時間がかかる,running_style_temptation_count_sashi>=1&is_temptation==0,差しウマの掛かりカウント>=1&自分が掛かっていない,差しウマが掛かっていて、自分が掛かっていない,×,0,瞬時発動,5000000,500,174,掛かり終了時間増加,掛かりウマ,差し＋掛かり,50000,5,-,-,-,-,-,-,-,-,-,-
200821,追込駆け引き,作戦が追込のウマ娘が掛かると落ち着くまで時間がかかる,running_style_temptation_count_oikomi>=1&is_temptation==0,追込ウマの掛かりカウント>=1&自分が掛かっていない,追込ウマが掛かっていて、自分が掛かっていない,×,0,瞬時発動,5000000,500,174,掛かり終了時間増加,掛かりウマ,追込＋掛かり,50000,5,-,-,-,-,-,-,-,-,-,-
200831,逃げけん制,レース序盤に作戦・逃げのウマ娘をけん制してわずかに疲れやすくする,running_style_count_nige_otherself>=1&phase_random==0&accumulatetime>=5,他の人の作戦・逃げのウマ娘の数>=1&レース序盤（ランダム判定？）&発動までの猶予時間>=5,他の人の逃げウマが1以上の時、レース序盤のランダムな区間内で、開始5秒後以降,×,0,瞬時発動,5000000,500,217,体力回復,全ウマ,逃げ＋掛かり,-100,"-0,01",-,-,-,-,-,-,-,-,-,-
200841,逃げ焦り,レース中盤に作戦・逃げのウマ娘を焦らせてわずかに疲れやすくする,running_style_count_nige_otherself>=1&phase_random==1,他の人の作戦・逃げのウマ娘の数>=1&レース中盤(ランダム判定？),他の人の逃げウマが1以上の時、レース中盤のランダムな位置,×,0,瞬時発動,5000000,500,217,体力回復,全ウマ,逃げ＋掛かり,-100,"-0,01",-,-,-,-,-,-,-,-,-,-
200851,逃げためらい,レース終盤に作戦・逃げのウマ娘をためらわせて速度をわずかに下げる,running_style_count_nige_otherself>=1&phase_random==2,自チーム以外の作戦・逃げのウマ娘の数>=1&レース終盤（ランダム判定？）,レース終盤のランダムな区間内において、（自チーム以外の？）作戦・逃げのウマ娘の数が1以上,×,30000,3,5000000,500,217,現在速度アップ,全ウマ,逃げ＋掛かり,-1500,"-0,15",-,-,-,-,-,-,-,-,-,-
200861,先行けん制,レース序盤に作戦・先行のウマ娘をけん制してわずかに疲れやすくする,running_style_count_senko_otherself>=1&phase_random==0&accumulatetime>=5,他の人の作戦・先行のウマ娘の数>=1&レース序盤（ランダム判定？）&発動までの猶予時間>=5,他の人の先行ウマが1以上の時、レース序盤のランダムな区間内で、開始5秒後以降,×,0,瞬時発動,5000000,500,217,体力回復,全ウマ,先行＋掛かり,-100,"-0,01",-,-,-,-,-,-,-,-,-,-
200871,先行焦り,レース中盤に作戦・先行のウマ娘を焦らせてわずかに疲れやすくする,running_style_count_senko_otherself>=1&phase_random==1,他の人の作戦・先行のウマ娘の数>=1&レース中盤(ランダム判定？),他の人の先行ウマが1以上の時、レース中盤のランダムな位置,×,0,瞬時発動,5000000,500,217,体力回復,全ウマ,先行＋掛かり,-100,"-0,01",-,-,-,-,-,-,-,-,-,-
200881,先行ためらい,レース終盤に作戦・先行のウマ娘をためらわせて速度をわずかに下げる,running_style_count_senko_otherself>=1&phase_random==2,自チーム以外の作戦・先行のウマ娘の数>=1&レース終盤（ランダム判定？）,レース終盤のランダムな区間内において、（自チーム以外の？）作戦・先行のウマ娘の数が1以上,×,30000,3,5000000,500,217,現在速度アップ,全ウマ,先行＋掛かり,-1500,"-0,15",-,-,-,-,-,-,-,-,-,-
200891,差しけん制,レース序盤に作戦・差しのウマ娘をけん制してわずかに疲れやすくする,running_style_count_sashi_otherself>=1&phase_random==0&accumulatetime>=5,他の人の作戦・差しのウマ娘の数>=1&レース序盤（ランダム判定？）&発動までの猶予時間>=5,他の人の差しウマが1以上の時、レース序盤のランダムな区間内で、開始5秒後以降,×,0,瞬時発動,5000000,500,217,体力回復,全ウマ,差し＋掛かり,-100,"-0,01",-,-,-,-,-,-,-,-,-,-
200901,差し焦り,レース中盤に作戦・差しのウマ娘を焦らせてわずかに疲れやすくする,running_style_count_sashi_otherself>=1&phase_random==1,他の人の作戦・差しのウマ娘の数>=1&レース中盤(ランダム判定？),他の人の差しウマが1以上の時、レース中盤のランダムな位置,×,0,瞬時発動,5000000,500,217,体力回復,全ウマ,差し＋掛かり,-100,"-0,01",-,-,-,-,-,-,-,-,-,-
200911,差しためらい,レース終盤に作戦・差しのウマ娘をためらわせて速度をわずかに下げる,running_style_count_sashi_otherself>=1&phase_random==2,自チーム以外の作戦・差しのウマ娘の数>=1&レース終盤（ランダム判定？）,レース終盤のランダムな区間内において、（自チーム以外の？）作戦・差しのウマ娘の数が1以上,×,30000,3,5000000,500,217,現在速度アップ,全ウマ,差し＋掛かり,-1500,"-0,15",-,-,-,-,-,-,-,-,-,-
200921,追込けん制,レース序盤に作戦・追込のウマ娘をけん制してわずかに疲れやすくする,running_style_count_oikomi_otherself>=1&phase_random==0&accumulatetime>=5,他の人の作戦・追込のウマ娘の数>=1&レース序盤（ランダム判定？）&発動までの猶予時間>=5,他の人の追込ウマが1以上の時、レース序盤のランダムな区間内で、開始5秒後以降,×,0,瞬時発動,5000000,500,217,体力回復,全ウマ,追込＋掛かり,-100,"-0,01",-,-,-,-,-,-,-,-,-,-
200931,追込焦り,レース中盤に作戦・追込のウマ娘を焦らせてわずかに疲れやすくする,running_style_count_oikomi_otherself>=1&phase_random==1,他の人の作戦・追込のウマ娘の数>=1&レース中盤(ランダム判定？),他の人の追込ウマが1以上の時、レース中盤のランダムな位置,×,0,瞬時発動,5000000,500,217,体力回復,全ウマ,追込＋掛かり,-100,"-0,01",-,-,-,-,-,-,-,-,-,-
200941,追込ためらい,レース終盤に作戦・追込のウマ娘をためらわせて速度をわずかに下げる,running_style_count_oikomi_otherself>=1&phase_random==2,自チーム以外の作戦・追込のウマ娘の数>=1&レース終盤（ランダム判定？）,レース終盤のランダムな区間内において、（自チーム以外の？）作戦・追込のウマ娘の数が1以上,×,30000,3,5000000,500,217,現在速度アップ,全ウマ,追込＋掛かり,-1500,"-0,15",-,-,-,-,-,-,-,-,-,-
200951,大井レース場◎,大井レース場が得意になる,track_id==10101,レース場:大井レース場,レース場:大井レース場,〇,-1,瞬時発動,0,0,174,スタミナアップ,自分,-,600000,60,-,-,-,-,-,-,-,-,-,-
200952,大井レース場○,大井レース場が少し得意になる,track_id==10101,レース場:大井レース場,レース場:大井レース場,〇,-1,瞬時発動,0,0,129,スタミナアップ,自分,-,400000,40,-,-,-,-,-,-,-,-,-,-
200953,大井レース場×,大井レース場が少し苦手になる,track_id==10101,レース場:大井レース場,レース場:大井レース場,〇,-1,瞬時発動,0,0,-129,スタミナアップ,自分,-,-400000,-40,-,-,-,-,-,-,-,-,-,-
200961,短距離直線◎,直線で速度が少し上がる＜短距離＞,distance_type==1&straight_random==1,短距離&直線である（ランダム？）,〈短距離〉直線を1つ選んで、その範囲のどこかでランダム発動,×,30000,3,5000000,500,262,目標速度アップ,自分,-,2500,"0,25",-,-,-,-,-,-,-,-,-,-
200962,短距離直線○,直線で速度がわずかに上がる＜短距離＞,distance_type==1&straight_random==1,短距離&直線である（ランダム？）,〈短距離〉直線を1つ選んで、その範囲のどこかでランダム発動,×,30000,3,5000000,500,217,目標速度アップ,自分,-,1500,"0,15",-,-,-,-,-,-,-,-,-,-
200971,短距離コーナー◎,コーナーで速度が少し上がる＜短距離＞,distance_type==1&corner_random==1@distance_type==1&corner_random==2@distance_type==1&corner_random==3@distance_type==1&corner_random==4,短距離&コーナー番号＝１（ランダム）または短距離&コーナー番号＝2（ランダム）または短距離&コーナー番号＝3（ランダム）または短距離&コーナー番号＝4（ランダム）,"〈短距離〉第1コーナーのどこかで発動。（以下具体的な発動条件記載）
＊第1、第2、第3、第4コーナーそれぞれのランダムな位置で発動トリガーを生成し、通過時発動。（クールタイムにより最初に発動した場所以降発動無し。同じコーナーを2回通る場合は1回目では発動せず2回目の通過で発動）",×,30000,3,5000000,500,262,目標速度アップ,自分,-,2500,"0,25",-,-,-,-,-,-,-,-,-,-
200972,短距離コーナー○,コーナーで速度がわずかに上がる＜短距離＞,distance_type==1&corner_random==1@distance_type==1&corner_random==2@distance_type==1&corner_random==3@distance_type==1&corner_random==4,短距離&コーナー番号＝１（ランダム）または短距離&コーナー番号＝2（ランダム）または短距離&コーナー番号＝3（ランダム）または短距離&コーナー番号＝4（ランダム）,"〈短距離〉第1コーナーのどこかで発動。（以下具体的な発動条件記載）
＊第1、第2、第3、第4コーナーそれぞれのランダムな位置で発動トリガーを生成し、通過時発動。（クールタイムにより最初に発動した場所以降発動無し。同じコーナーを2回通る場合は1回目では発動せず2回目の通過で発動）",×,30000,3,5000000,500,217,目標速度アップ,自分,-,1500,"0,15",-,-,-,-,-,-,-,-,-,-
200981,圧倒的リード,レース中盤に大きく差をつけ先頭だとリードを保ちやすい＜短距離＞,"distance_type==1&phase==1&bashin_diff_behind>=5&order==1
distance_type==1&distance_rate<=50&bashin_diff_behind>=5&order==1","短距離&中盤&後ろの馬との距離（馬身数）>=5&順位＝1
短距離&走行距離<=50%&後ろの馬との距離（馬身数）>=5&順位＝1",〈短距離〉中盤において、順位が1位の時、後ろのウマとの距離が5バ身以上,×,12000,"1,2",5000000,500,508,目標速度アップ,自分,-,3500,"0,35",-,-,-,-,-,-,-,-,-,-
200982,大きなリード,レース中盤に大きく差をつけ先頭だとリードをわずかに保ちやすい＜短距離＞,"distance_type==1&phase==1&bashin_diff_behind>=5&order==1
distance_type==1&distance_rate<=50&bashin_diff_behind>=5&order==1","短距離&中盤&後ろの馬との距離（馬身数）>=5&順位＝1
短距離&走行距離<=50%&後ろの馬との距離（馬身数）>=5&順位＝1",〈短距離〉中盤において、順位が1位の時、後ろのウマとの距離が5バ身以上,×,12000,"1,2",5000000,500,262,目標速度アップ,自分,-,1500,"0,15",-,-,-,-,-,-,-,-,-,-
200991,プランX,レース中盤に前の方にいると抜かしやすくなる＜短距離＞,distance_type==1&phase_random==1&order>=2&order_rate<=50,短距離&レース中盤(ランダム判定？)&順位>=2&順位率<=50%,〈短距離〉レース中盤のランダムな区間内において、順位が2位以下かつ順位率50%以内[2～6位],×,30000,3,5000000,500,508,加速度アップ,自分,-,4000,"0,4",-,-,-,-,-,-,-,-,-,-
200992,善後策,レース中盤に前の方にいるとわずかに抜かしやすくなる＜短距離＞,distance_type==1&phase_random==1&order>=2&order_rate<=50,短距離&レース中盤(ランダム判定？)&順位>=2&順位率<=50%,〈短距離〉レース中盤のランダムな区間内において、順位が2位以下かつ順位率50%以内[2～6位],×,30000,3,5000000,500,217,加速度アップ,自分,-,2000,"0,2",-,-,-,-,-,-,-,-,-,-
201001,準備万全！,レース中盤でゴールに向けて準備を整える＜短距離＞,distance_type==1&phase_random==1,短距離&レース中盤(ランダム判定？),〈短距離〉レース中盤のランダムな位置,×,30000,3,5000000,500,394,レーン移動速度アップ,自分,-,350,"0,035",加速度アップ,自分,-,3000,"0,3",-,-,-,-,-
201002,仕掛け準備,レース中盤でゴールに向けて準備を少し整える＜短距離＞,distance_type==1&phase_random==1,短距離&レース中盤(ランダム判定？),〈短距離〉レース中盤のランダムな位置,×,30000,3,5000000,500,174,レーン移動速度アップ,自分,-,250,"0,025",加速度アップ,自分,-,2000,"0,2",-,-,-,-,-
201011,悩殺術,レース序盤に前の方にいると後方のウマ娘が萎縮する＜短距離＞,distance_type==1&phase_random==0&order<=3&accumulatetime>=5,短距離&レース序盤（ランダム判定？）&順位<=3&発動までの猶予時間>=5,〈短距離〉レース序盤のランダムな区間内において、開始5秒以降、順位が3位以内,×,30000,3,5000000,500,508,現在速度アップ,後方ウマ全て,18,-2500,"-0,25",-,-,-,-,-,-,-,-,-,-
201012,後方釘付,レース序盤に前の方にいると後方のウマ娘が少し萎縮する＜短距離＞,distance_type==1&phase_random==0&order<=3&accumulatetime>=5,短距離&レース序盤（ランダム判定？）&順位<=3&発動までの猶予時間>=5,〈短距離〉レース序盤のランダムな区間内において、開始5秒以降、順位が3位以内,×,30000,3,5000000,500,262,現在速度アップ,後方ウマ全て,18,-2000,"-0,2",-,-,-,-,-,-,-,-,-,-
201021,逃亡禁止令,レース序盤に後ろの方にいると前方のウマ娘が焦る＜短距離＞,distance_type==1&phase_random==0&order_rate>50&accumulatetime>=5,短距離&レース序盤（ランダム判定？）&順位率>50%&発動までの猶予時間>=5,〈短距離〉レース序盤のランダムな区間内で、開始5秒後以降、順位率50%より後ろ[7～12位],×,0,瞬時発動,5000000,500,508,体力回復,前方ウマ全て,18,-300,"-0,03",-,-,-,-,-,-,-,-,-,-
201022,抜け駆け禁止,レース序盤に後ろの方にいると前方のウマ娘がわずかに焦る＜短距離＞,distance_type==1&phase_random==0&order_rate>50&accumulatetime>=5,短距離&レース序盤（ランダム判定？）&順位率>50%&発動までの猶予時間>=5,〈短距離〉レース序盤のランダムな区間内で、開始5秒後以降、順位率50%より後ろ[7～12位],×,0,瞬時発動,5000000,500,262,体力回復,前方ウマ全て,18,-100,"-0,01",-,-,-,-,-,-,-,-,-,-
201031,マイル直線◎,直線で速度が少し上がる＜マイル＞,distance_type==2&straight_random==1,マイル&直線である（ランダム？）,〈マイル〉直線を1つ選んで、その範囲のどこかでランダム発動,×,30000,3,5000000,500,262,目標速度アップ,自分,-,2500,"0,25",-,-,-,-,-,-,-,-,-,-
201032,マイル直線○,直線で速度がわずかに上がる＜マイル＞,distance_type==2&straight_random==1,マイル&直線である（ランダム？）,〈マイル〉直線を1つ選んで、その範囲のどこかでランダム発動,×,30000,3,5000000,500,217,目標速度アップ,自分,-,1500,"0,15",-,-,-,-,-,-,-,-,-,-
201041,マイルコーナー◎,コーナーで速度が少し上がる＜マイル＞,distance_type==2&corner_random==1@distance_type==2&corner_random==2@distance_type==2&corner_random==3@distance_type==2&corner_random==4,マイル&コーナー番号＝１（ランダム）またはマイル&コーナー番号＝2（ランダム）またはマイル&コーナー番号＝3（ランダム）またはマイル&コーナー番号＝4（ランダム）,"〈マイル〉第1コーナーのどこかで発動。（以下具体的な発動条件記載）
＊第1、第2、第3、第4コーナーそれぞれのランダムな位置で発動トリガーを生成し、通過時発動。（クールタイムにより最初に発動した場所以降発動無し。同じコーナーを2回通る場合は1回目では発動せず2回目の通過で発動）",×,30000,3,5000000,500,262,目標速度アップ,自分,-,2500,"0,25",-,-,-,-,-,-,-,-,-,-
201042,マイルコーナー○,コーナーで速度がわずかに上がる＜マイル＞,distance_type==2&corner_random==1@distance_type==2&corner_random==2@distance_type==2&corner_random==3@distance_type==2&corner_random==4,マイル&コーナー番号＝１（ランダム）またはマイル&コーナー番号＝2（ランダム）またはマイル&コーナー番号＝3（ランダム）またはマイル&コーナー番号＝4（ランダム）,"〈マイル〉第1コーナーのどこかで発動。（以下具体的な発動条件記載）
＊第1、第2、第3、第4コーナーそれぞれのランダムな位置で発動トリガーを生成し、通過時発動。（クールタイムにより最初に発動した場所以降発動無し。同じコーナーを2回通る場合は1回目では発動せず2回目の通過で発動）",×,30000,3,5000000,500,217,目標速度アップ,自分,-,1500,"0,15",-,-,-,-,-,-,-,-,-,-
201051,ギアチェンジ,レース中盤に前の方にいると抜かしやすくなる＜マイル＞,distance_type==2&phase_random==1&order_rate<=50,マイル&レース中盤(ランダム判定？)&順位率<=50%,〈マイル〉レース中盤のランダムな区間内において、順位率50%以内[1～6位],×,12000,"1,2",5000000,500,508,目標速度アップ,自分,-,3500,"0,35",-,-,-,-,-,-,-,-,-,-
201052,ギアシフト,レース中盤に前の方にいるとわずかに抜かしやすくなる＜マイル＞,distance_type==2&phase_random==1&order_rate<=50,マイル&レース中盤(ランダム判定？)&順位率<=50%,〈マイル〉レース中盤のランダムな区間内において、順位率50%以内[1～6位],×,12000,"1,2",5000000,500,217,目標速度アップ,自分,-,1500,"0,15",-,-,-,-,-,-,-,-,-,-
201061,アクセル全開！,レース中盤に追い抜くと加速力が上がる＜マイル＞,distance_type==2&phase==1&change_order_onetime<0,マイル&レース中盤&変動順位<0,〈マイル〉レース中盤において追い抜く,×,12000,"1,2",5000000,500,508,加速度アップ,自分,-,4000,"0,4",-,-,-,-,-,-,-,-,-,-
201062,アクセラレーション,レース中盤に追い抜くと加速力がわずかに上がる＜マイル＞,distance_type==2&phase==1&change_order_onetime<0,マイル&レース中盤&変動順位<0,〈マイル〉レース中盤において追い抜く,×,12000,"1,2",5000000,500,217,加速度アップ,自分,-,2000,"0,2",-,-,-,-,-,-,-,-,-,-
201071,姉御肌,追い抜きが成功しやすくなる＜マイル＞,distance_type==2&is_overtake==1&accumulatetime>=5,マイル&追い越し状態&発動までの猶予時間>=5,〈マイル〉開始5秒後以降、追い越し対象が存在する,×,18000,"1,8",5000000,500,334,目標速度アップ,自分,-,3500,"0,35",-,-,-,-,-,-,-,-,-,-
201072,負けん気,追い抜きがわずかに成功しやすくなる＜マイル＞,distance_type==2&is_overtake==1&accumulatetime>=5,マイル&追い越し状態&発動までの猶予時間>=5,〈マイル〉開始5秒後以降、追い越し対象が存在する,×,18000,"1,8",5000000,500,217,目標速度アップ,自分,-,1500,"0,15",-,-,-,-,-,-,-,-,-,-
201081,スピードグリード,レース中盤に先頭にいると後ろの速度を少し奪う＜マイル＞,distance_type==2&phase_random==1&order==1,マイル&レース中盤(ランダム判定？)&順位＝1,〈マイル〉レース中盤のランダムな区間内において、順位が1位,×,30000,3,5000000,500,461,現在速度アップ,後方ウマ,5,-2000,"-0,2",速度アップ,自分,-,2500,"0,25",-,-,-,-,-
201082,スピードイーター,レース中盤に先頭にいると後ろの速度をわずかに奪う＜マイル＞,distance_type==2&phase_random==1&order==1,マイル&レース中盤(ランダム判定？)&順位＝1,〈マイル〉レース中盤のランダムな区間内において、順位が1位,×,30000,3,5000000,500,217,現在速度アップ,後方ウマ,5,-1500,"-0,15",速度アップ,自分,-,1500,"0,15",-,-,-,-,-
201091,布陣,レース序盤に後ろにいると前の動きを鈍くする＜マイル＞,distance_type==2&phase_random==0&order_rate>50&accumulatetime>=5,マイル&レース序盤（ランダム判定？）&順位率>50%&発動までの猶予時間>=5,〈マイル〉レース序盤のランダムな区間内において、開始5秒以降、順位率50%より後ろ[7～12位],×,30000,3,5000000,500,508,加速度アップ,前方ウマ全て,18,-3000,"-0,3",-,-,-,-,-,-,-,-,-,-
201092,布石,レース序盤に後ろにいると前の動きをわずかに鈍くする＜マイル＞,distance_type==2&phase_random==0&order_rate>50&accumulatetime>=5,マイル&レース序盤（ランダム判定？）&順位率>50%&発動までの猶予時間>=5,〈マイル〉レース序盤のランダムな区間内において、開始5秒以降、順位率50%より後ろ[7～12位],×,30000,3,5000000,500,217,加速度アップ,前方ウマ全て,18,-1000,"-0,1",-,-,-,-,-,-,-,-,-,-
201101,中距離直線◎,直線で速度が少し上がる＜中距離＞,distance_type==3&straight_random==1,中距離&直線である（ランダム？）,〈中距離〉直線を1つ選んで、その範囲のどこかでランダム発動,×,30000,3,5000000,500,262,目標速度アップ,自分,-,2500,"0,25",-,-,-,-,-,-,-,-,-,-
201102,中距離直線○,直線で速度がわずかに上がる＜中距離＞,distance_type==3&straight_random==1,中距離&直線である（ランダム？）,〈中距離〉直線を1つ選んで、その範囲のどこかでランダム発動,×,30000,3,5000000,500,217,目標速度アップ,自分,-,1500,"0,15",-,-,-,-,-,-,-,-,-,-
201111,中距離コーナー◎,コーナーで速度が少し上がる＜中距離＞,distance_type==3&corner_random==1@distance_type==3&corner_random==2@distance_type==3&corner_random==3@distance_type==3&corner_random==4,中距離&コーナー番号＝１（ランダム）または中距離&コーナー番号＝2（ランダム）または中距離&コーナー番号＝3（ランダム）または中距離&コーナー番号＝4（ランダム）,"〈中距離〉第1コーナーのどこかで発動。（以下具体的な発動条件記載）
＊第1、第2、第3、第4コーナーそれぞれのランダムな位置で発動トリガーを生成し、通過時発動。（クールタイムにより最初に発動した場所以降発動無し。同じコーナーを2回通る場合は1回目では発動せず2回目の通過で発動）",×,30000,3,5000000,500,262,目標速度アップ,自分,-,2500,"0,25",-,-,-,-,-,-,-,-,-,-
201112,中距離コーナー○,コーナーで速度がわずかに上がる＜中距離＞,distance_type==3&corner_random==1@distance_type==3&corner_random==2@distance_type==3&corner_random==3@distance_type==3&corner_random==4,中距離&コーナー番号＝１（ランダム）または中距離&コーナー番号＝2（ランダム）または中距離&コーナー番号＝3（ランダム）または中距離&コーナー番号＝4（ランダム）,"〈中距離〉第1コーナーのどこかで発動。（以下具体的な発動条件記載）
＊第1、第2、第3、第4コーナーそれぞれのランダムな位置で発動トリガーを生成し、通過時発動。（クールタイムにより最初に発動した場所以降発動無し。同じコーナーを2回通る場合は1回目では発動せず2回目の通過で発動）",×,30000,3,5000000,500,217,目標速度アップ,自分,-,1500,"0,15",-,-,-,-,-,-,-,-,-,-
201121,千里眼,レース序盤に観察力が高まり視野を広く持てる＜中距離＞,distance_type==3&phase_random==0,中距離&レース序盤（ランダム判定？）,〈中距離〉レース序盤のランダムな位置,×,30000,3,5000000,500,334,視野向上,自分,-,150000,15,-,-,-,-,-,-,-,-,-,-
201122,ホークアイ,レース序盤に観察力が高まり視野を少し広く持てる＜中距離＞,distance_type==3&phase_random==0,中距離&レース序盤（ランダム判定？）,〈中距離〉レース序盤のランダムな位置,×,30000,3,5000000,500,129,視野向上,自分,-,100000,10,-,-,-,-,-,-,-,-,-,-
201131,ライトニングステップ,レース中盤に後ろの方にいると囲まれにくくなる＜中距離＞,distance_type==3&phase_random==1&order_rate>50,中距離&レース中盤(ランダム判定？)&順位率>50%,〈中距離〉レース中盤のランダムな区間内において、順位率50%より後ろ[7～12位],×,30000,3,5000000,500,394,レーン移動速度アップ,自分,-,350,"0,035",加速度アップ,自分,-,3000,"0,3",-,-,-,-,-
201132,イナズマステップ,レース中盤に後ろの方にいると少し囲まれにくくなる＜中距離＞,distance_type==3&phase_random==1&order_rate>50,中距離&レース中盤(ランダム判定？)&順位率>50%,〈中距離〉レース中盤のランダムな区間内において、順位率50%より後ろ[7～12位],×,30000,3,5000000,500,174,レーン移動速度アップ,自分,-,250,"0,025",加速度アップ,自分,-,2000,"0,2",-,-,-,-,-
201141,神業ステップ,左右に動いても疲れにくくなる＜中距離＞,distance_type==3&is_move_lane==1&accumulatetime>=10@distance_type==3&is_move_lane==2&accumulatetime>=10,中距離&レーン右に移動中&発動までの猶予時間>=10、または中距離&レーン左に移動中&発動までの猶予時間>=10,〈中距離〉開始10秒後以降、左右のレーン移動が発生した際,×,0,瞬時発動,5000000,500,508,体力回復,自分,-,550,"0,055",-,-,-,-,-,-,-,-,-,-
201142,軽やかステップ,左右に動いてもわずかに疲れにくくなる＜中距離＞,distance_type==3&is_move_lane==1&accumulatetime>=10@distance_type==3&is_move_lane==2&accumulatetime>=10,中距離&レーン右に移動中&発動までの猶予時間>=10、または中距離&レーン左に移動中&発動までの猶予時間>=10,〈中距離〉開始10秒後以降、左右のレーン移動が発生した際,×,0,瞬時発動,5000000,500,217,体力回復,自分,-,150,"0,015",-,-,-,-,-,-,-,-,-,-
201151,独占力,レース終盤に後ろの方にいると前の速度を下げる＜中距離＞,distance_type==3&phase_random==2&order_rate>50,中距離&レース終盤（ランダム判定？）&順位率>50%,〈中距離〉レース終盤のランダムな区間内において、順位率50%より後ろ[7～12位],×,30000,3,5000000,500,508,現在速度アップ,前方ウマ全て,18,-2500,"-0,25",-,-,-,-,-,-,-,-,-,-
201152,束縛,レース終盤に後ろの方にいると前の速度をわずかに下げる＜中距離＞,distance_type==3&phase_random==2&order_rate>50,中距離&レース終盤（ランダム判定？）&順位率>50%,〈中距離〉レース終盤のランダムな区間内において、順位率50%より後ろ[7～12位],×,30000,3,5000000,500,217,現在速度アップ,前方ウマ全て,18,-1500,"-0,15",-,-,-,-,-,-,-,-,-,-
201161,魅惑のささやき,レース中盤にすぐ前のウマ娘を戸惑わせる＜中距離＞,distance_type==3&phase==1&blocked_front_continuetime>=1,中距離&レース中盤&前をふさがれた時間>=1,〈中距離〉レース中盤で前をふさがれた時間1秒以上,×,0,瞬時発動,5000000,500,508,体力回復,前方ウマ全て,18,-300,"-0,03",-,-,-,-,-,-,-,-,-,-
201162,ささやき,レース中盤にすぐ前のウマ娘をわずかに戸惑わせる＜中距離＞,distance_type==3&phase==1&blocked_front_continuetime>=1,中距離&レース中盤&前をふさがれた時間>=1,〈中距離〉レース中盤で前をふさがれた時間1秒以上,×,0,瞬時発動,5000000,500,217,体力回復,前方ウマ全て,18,-100,"-0,01",-,-,-,-,-,-,-,-,-,-
201171,長距離直線◎,直線で速度が少し上がる＜長距離＞,distance_type==4&straight_random==1,長距離&直線である（ランダム？）,〈長距離〉直線を1つ選んで、その範囲のどこかでランダム発動,×,30000,3,5000000,500,262,目標速度アップ,自分,-,2500,"0,25",-,-,-,-,-,-,-,-,-,-
201172,長距離直線○,直線で速度がわずかに上がる＜長距離＞,distance_type==4&straight_random==1,長距離&直線である（ランダム？）,〈長距離〉直線を1つ選んで、その範囲のどこかでランダム発動,×,30000,3,5000000,500,217,目標速度アップ,自分,-,1500,"0,15",-,-,-,-,-,-,-,-,-,-
201181,長距離コーナー◎,コーナーで速度が少し上がる＜長距離＞,distance_type==4&corner_random==1@distance_type==4&corner_random==2@distance_type==4&corner_random==3@distance_type==4&corner_random==4,長距離&コーナー番号＝１（ランダム）または長距離&コーナー番号＝2（ランダム）または長距離&コーナー番号＝3（ランダム）または長距離&コーナー番号＝4（ランダム）,"〈長距離〉第1コーナーのどこかで発動。（以下具体的な発動条件記載）
＊第1、第2、第3、第4コーナーそれぞれのランダムな位置で発動トリガーを生成し、通過時発動。（クールタイムにより最初に発動した場所以降発動無し。同じコーナーを2回通る場合は1回目では発動せず2回目の通過で発動）",×,30000,3,5000000,500,262,目標速度アップ,自分,-,2500,"0,25",-,-,-,-,-,-,-,-,-,-
201182,長距離コーナー○,コーナーで速度がわずかに上がる＜長距離＞,distance_type==4&corner_random==1@distance_type==4&corner_random==2@distance_type==4&corner_random==3@distance_type==4&corner_random==4,長距離&コーナー番号＝１（ランダム）または長距離&コーナー番号＝2（ランダム）または長距離&コーナー番号＝3（ランダム）または長距離&コーナー番号＝4（ランダム）,"〈長距離〉第1コーナーのどこかで発動。（以下具体的な発動条件記載）
＊第1、第2、第3、第4コーナーそれぞれのランダムな位置で発動トリガーを生成し、通過時発動。（クールタイムにより最初に発動した場所以降発動無し。同じコーナーを2回通る場合は1回目では発動せず2回目の通過で発動）",×,30000,3,5000000,500,217,目標速度アップ,自分,-,1500,"0,15",-,-,-,-,-,-,-,-,-,-
201191,先陣の心得,レース中盤に大きく差をつけ先頭だとリードを保ちやすい＜長距離＞,distance_type==4&phase_random==1&bashin_diff_behind>=3&order==1,長距離&レース中盤(ランダム判定？)&後ろの馬との距離（馬身数）>=3&順位＝1,〈長距離〉レース中盤のランダムな区間内において、順位が1位の時、後ろのウマと3バ身以上,×,30000,3,5000000,500,508,目標速度アップ,自分,-,3500,"0,35",-,-,-,-,-,-,-,-,-,-
201192,リードキープ,レース中盤に大きく差をつけ先頭だとリードをわずかに保ちやすい＜長距離＞,distance_type==4&phase_random==1&bashin_diff_behind>=3&order==1,長距離&レース中盤(ランダム判定？)&後ろの馬との距離（馬身数）>=3&順位＝1,〈長距離〉レース中盤のランダムな区間内において、順位が1位の時、後ろのウマと3バ身以上,×,30000,3,5000000,500,217,目標速度アップ,自分,-,1500,"0,15",-,-,-,-,-,-,-,-,-,-
201202,パス上手,追い抜く気持ちが湧きわずかに疲れにくくなる＜長距離＞,distance_type==4&is_overtake==1&accumulatetime>=5,長距離&追い越し状態&発動までの猶予時間>=5,〈長距離〉開始5秒後以降、追い越し対象が存在する,×,0,瞬時発動,5000000,500,217,体力回復,自分,-,150,"0,015",-,-,-,-,-,-,-,-,-,-
201211,怒涛の追い上げ,レース終盤で追い抜くと速度が上がる＜長距離＞,distance_type==4&phase==2&change_order_onetime<0,長距離&レース終盤&変動順位<0,〈長距離〉レース終盤において追い抜く,×,30000,3,5000000,500,508,目標速度アップ,自分,-,3500,"0,35",-,-,-,-,-,-,-,-,-,-
201212,追い上げ,レース終盤で追い抜くと速度がわずかに上がる＜長距離＞,distance_type==4&phase==2&change_order_onetime<0,長距離&レース終盤&変動順位<0,〈長距離〉レース終盤において追い抜く,×,30000,3,5000000,500,217,目標速度アップ,自分,-,1500,"0,15",-,-,-,-,-,-,-,-,-,-
201221,スタミナグリード,レース中盤で後ろの方にいると前方の持久力を少し奪う＜長距離＞,distance_type==4&phase_random==1&order>=5,長距離&レース中盤(ランダム判定？)&順位>=5,〈長距離〉レース中盤のランダムな区間内で、5位以下[5～12位],×,0,瞬時発動,5000000,500,461,体力回復,前方ウマ,5,-200,"-0,02",体力回復,自分,-,550,"0,055",-,-,-,-,-
201222,スタミナイーター,レース中盤で後ろの方にいると前方の持久力をちょっと奪う＜長距離＞,distance_type==4&phase_random==1&order>=5,長距離&レース中盤(ランダム判定？)&順位>=5,〈長距離〉レース中盤のランダムな区間内で、5位以下[5～12位],×,0,瞬時発動,5000000,500,217,体力回復,前方ウマ,5,-50,"-0,005",体力回復,自分,-,150,"0,015",-,-,-,-,-
201231,奇術師,レース終盤で前方のウマ娘の視野が狭くなる＜長距離＞,distance_type==4&phase_random==2,長距離&レース終盤（ランダム判定？）,〈長距離〉レース終盤のランダムな位置,×,30000,3,5000000,500,334,視野向上,前方ウマ全て,18,-100000,-10,-,-,-,-,-,-,-,-,-,-
201232,目くらまし,レース終盤で前方のウマ娘の視野が少し狭くなる＜長距離＞,distance_type==4&phase_random==2,長距離&レース終盤（ランダム判定？）,〈長距離〉レース終盤のランダムな位置,×,30000,3,5000000,500,129,視野向上,前方ウマ全て,18,-50000,-5,-,-,-,-,-,-,-,-,-,-
201241,逃げ直線◎,直線で速度が少し上がる＜作戦・逃げ＞,running_style==1&straight_random==1,作戦：逃げ&直線である（ランダム？）,【逃げ】直線を1つ選んで、その範囲のどこかでランダム発動,×,30000,3,5000000,500,262,目標速度アップ,自分,-,2500,"0,25",-,-,-,-,-,-,-,-,-,-
201242,逃げ直線○,直線で速度がわずかに上がる＜作戦・逃げ＞,running_style==1&straight_random==1,作戦：逃げ&直線である（ランダム？）,【逃げ】直線を1つ選んで、その範囲のどこかでランダム発動,×,30000,3,5000000,500,217,目標速度アップ,自分,-,1500,"0,15",-,-,-,-,-,-,-,-,-,-
201251,逃げコーナー◎,コーナーで速度が少し上がる＜作戦・逃げ＞,running_style==1&corner_random==1@running_style==1&corner_random==2@running_style==1&corner_random==3@running_style==1&corner_random==4,作戦：逃げ&コーナー番号＝１（ランダム）または作戦：逃げ&コーナー番号＝2（ランダム）または作戦：逃げ&コーナー番号＝3（ランダム）または作戦：逃げ&コーナー番号＝4（ランダム）,"【逃げ】第1コーナーのどこかで発動。（以下具体的な発動条件記載）
＊第1、第2、第3、第4コーナーそれぞれのランダムな位置で発動トリガーを生成し、通過時発動。（クールタイムにより最初に発動した場所以降発動無し。同じコーナーを2回通る場合は1回目では発動せず2回目の通過で発動）",×,30000,3,5000000,500,262,目標速度アップ,自分,-,2500,"0,25",-,-,-,-,-,-,-,-,-,-
201252,逃げコーナー○,コーナーで速度がわずかに上がる＜作戦・逃げ＞,running_style==1&corner_random==1@running_style==1&corner_random==2@running_style==1&corner_random==3@running_style==1&corner_random==4,作戦：逃げ&コーナー番号＝１（ランダム）または作戦：逃げ&コーナー番号＝2（ランダム）または作戦：逃げ&コーナー番号＝3（ランダム）または作戦：逃げ&コーナー番号＝4（ランダム）,"【逃げ】第1コーナーのどこかで発動。（以下具体的な発動条件記載）
＊第1、第2、第3、第4コーナーそれぞれのランダムな位置で発動トリガーを生成し、通過時発動。（クールタイムにより最初に発動した場所以降発動無し。同じコーナーを2回通る場合は1回目では発動せず2回目の通過で発動）",×,30000,3,5000000,500,217,目標速度アップ,自分,-,1500,"0,15",-,-,-,-,-,-,-,-,-,-
201261,シックスセンス,レース序盤に囲まれにくくなる＜作戦・逃げ＞,running_style==1&phase==0&blocked_all_continuetime>=1,作戦：逃げ&レース序盤&囲まれた時間>=1,【逃げ】レース序盤において、囲まれた時間1秒以上,×,30000,3,5000000,500,334,レーン移動速度アップ,自分,-,350,"0,035",-,-,-,-,-,-,-,-,-,-
201262,危険回避,レース序盤に少し囲まれにくくなる＜作戦・逃げ＞,running_style==1&phase==0&blocked_all_continuetime>=1,作戦：逃げ&レース序盤&囲まれた時間>=1,【逃げ】レース序盤において、囲まれた時間1秒以上,×,30000,3,5000000,500,129,レーン移動速度アップ,自分,-,250,"0,025",-,-,-,-,-,-,-,-,-,-
201272,先頭プライド,レース序盤にわずかに追い抜かれにくくなる＜作戦・逃げ＞,running_style==1&phase==0&change_order_onetime>0&accumulatetime>=5,作戦：逃げ&レース序盤&変動順位>0&発動までの猶予時間>=5,【逃げ】レース序盤において、開始5秒以降、追い抜かれる,×,30000,3,5000000,500,217,目標速度アップ,自分,-,1500,"0,15",-,-,-,-,-,-,-,-,-,-
201281,じゃじゃウマ娘,上り坂で疲れにくくなる＜作戦・逃げ＞,running_style==1&slope==1&accumulatetime>=10,作戦：逃げ&上り坂&発動までの猶予時間>=10,【逃げ】開始10秒後以降、上り坂,×,0,瞬時発動,5000000,500,508,体力回復,自分,-,550,"0,055",-,-,-,-,-,-,-,-,-,-
201282,勢い任せ,上り坂でわずかに疲れにくくなる＜作戦・逃げ＞,running_style==1&slope==1&accumulatetime>=10,作戦：逃げ&上り坂&発動までの猶予時間>=10,【逃げ】開始10秒後以降、上り坂,×,0,瞬時発動,5000000,500,217,体力回復,自分,-,150,"0,015",-,-,-,-,-,-,-,-,-,-
201291,再燃焼,レース中盤に後ろにいると加速力が上がる＜作戦・逃げ＞,running_style==1&phase_random==1&order_rate>50,作戦：逃げ&レース中盤(ランダム判定？)&順位率>50%,【逃げ】レース中盤のランダムな区間内において、順位率50%より後ろ[7～12位],×,30000,3,5000000,500,508,加速度アップ,自分,-,4000,"0,4",-,-,-,-,-,-,-,-,-,-
201292,二の矢,レース中盤に後ろにいると加速力がわずかに上がる＜作戦・逃げ＞,running_style==1&phase_random==1&order_rate>50,作戦：逃げ&レース中盤(ランダム判定？)&順位率>50%,【逃げ】レース中盤のランダムな区間内において、順位率50%より後ろ[7～12位],×,30000,3,5000000,500,217,加速度アップ,自分,-,2000,"0,2",-,-,-,-,-,-,-,-,-,-
201302,リスタート,レース序盤に逃げに失敗した時前がわずかに動揺する＜作戦・逃げ＞,running_style==1&phase_random==0&order_rate>50&accumulatetime>=5,作戦：逃げ&レース序盤（ランダム判定？）&順位率>50%&発動までの猶予時間>=5,【逃げ】レース序盤のランダムな区間内において、開始5秒後以降、順位率50%より後ろ[7～12位],×,30000,3,5000000,500,217,加速度アップ,前方ウマ全て,18,-1000,"-0,1",-,-,-,-,-,-,-,-,-,-
201311,先行直線◎,直線で速度が少し上がる＜作戦・先行＞,running_style==2&straight_random==1,作戦：先行&直線である（ランダム？）,【先行】直線を1つ選んで、その範囲のどこかでランダム発動,×,30000,3,5000000,500,262,目標速度アップ,自分,-,2500,"0,25",-,-,-,-,-,-,-,-,-,-
201312,先行直線○,直線で速度がわずかに上がる＜作戦・先行＞,running_style==2&straight_random==1,作戦：先行&直線である（ランダム？）,【先行】直線を1つ選んで、その範囲のどこかでランダム発動,×,30000,3,5000000,500,217,目標速度アップ,自分,-,1500,"0,15",-,-,-,-,-,-,-,-,-,-
201321,先行コーナー◎,コーナーで速度が少し上がる＜作戦・先行＞,running_style==2&corner_random==1@running_style==2&corner_random==2@running_style==2&corner_random==3@running_style==2&corner_random==4,作戦：先行&コーナー番号＝１（ランダム）または作戦：先行&コーナー番号＝2（ランダム）または作戦：先行&コーナー番号＝3（ランダム）または作戦：先行&コーナー番号＝4（ランダム）,"【先行】第1コーナーのどこかで発動。（以下具体的な発動条件記載）
＊第1、第2、第3、第4コーナーそれぞれのランダムな位置で発動トリガーを生成し、通過時発動。（クールタイムにより最初に発動した場所以降発動無し。同じコーナーを2回通る場合は1回目では発動せず2回目の通過で発動）",×,30000,3,5000000,500,262,目標速度アップ,自分,-,2500,"0,25",-,-,-,-,-,-,-,-,-,-
201322,先行コーナー○,コーナーで速度がわずかに上がる＜作戦・先行＞,running_style==2&corner_random==1@running_style==2&corner_random==2@running_style==2&corner_random==3@running_style==2&corner_random==4,作戦：先行&コーナー番号＝１（ランダム）または作戦：先行&コーナー番号＝2（ランダム）または作戦：先行&コーナー番号＝3（ランダム）または作戦：先行&コーナー番号＝4（ランダム）,"【先行】第1コーナーのどこかで発動。（以下具体的な発動条件記載）
＊第1、第2、第3、第4コーナーそれぞれのランダムな位置で発動トリガーを生成し、通過時発動。（クールタイムにより最初に発動した場所以降発動無し。同じコーナーを2回通る場合は1回目では発動せず2回目の通過で発動）",×,30000,3,5000000,500,217,目標速度アップ,自分,-,1500,"0,15",-,-,-,-,-,-,-,-,-,-
201331,技巧派,コース取りが少しスムーズになる＜作戦・先行＞,running_style==2&is_move_lane==1@running_style==2&is_move_lane==2,作戦：先行&レーン右に移動中または作戦：先行&レーン左に移動中,【先行】レーン移動中,×,18000,"1,8",5000000,500,334,加速度アップ,自分,-,3000,"0,3",-,-,-,-,-,-,-,-,-,-
201332,巧みなステップ,コース取りがわずかにスムーズになる＜作戦・先行＞,running_style==2&is_move_lane==1@running_style==2&is_move_lane==2,作戦：先行&レーン右に移動中または作戦：先行&レーン左に移動中,【先行】レーン移動中,×,18000,"1,8",5000000,500,217,加速度アップ,自分,-,2000,"0,2",-,-,-,-,-,-,-,-,-,-
201341,決意の直滑降,下り坂が少し得意になる＜作戦・先行＞,running_style==2&slope==2,作戦：先行&下り坂,【先行】下り坂,×,30000,3,5000000,500,334,加速度アップ,自分,-,3000,"0,3",-,-,-,-,-,-,-,-,-,-
201342,直滑降,下り坂がわずかに得意になる＜作戦・先行＞,running_style==2&slope==2,作戦：先行&下り坂,【先行】下り坂,×,30000,3,5000000,500,217,加速度アップ,自分,-,2000,"0,2",-,-,-,-,-,-,-,-,-,-
201351,食いしん坊,レース中盤に持久力が回復する＜作戦・先行＞,running_style==2&phase_random==1,作戦：先行&レース中盤(ランダム判定？),【先行】レース中盤のランダムな位置,×,0,瞬時発動,5000000,500,508,体力回復,自分,-,550,"0,055",-,-,-,-,-,-,-,-,-,-
201352,栄養補給,レース中盤に持久力がわずかに回復する＜作戦・先行＞,running_style==2&phase_random==1,作戦：先行&レース中盤(ランダム判定？),【先行】レース中盤のランダムな位置,×,0,瞬時発動,5000000,500,217,体力回復,自分,-,150,"0,015",-,-,-,-,-,-,-,-,-,-
201361,くじけぬ精神,レース中盤に後ろの方にいると加速力が少し上がる＜作戦・先行＞,running_style==2&phase_random==1&order_rate>50,作戦：先行&レース中盤(ランダム判定？)&順位率>50%,【先行】レース中盤のランダムな区間内において、順位率50%より後ろ[7～12位],×,30000,3,5000000,500,334,加速度アップ,自分,-,3000,"0,3",-,-,-,-,-,-,-,-,-,-
201362,まき直し,レース中盤に後ろの方にいると加速力がわずかに上がる＜作戦・先行＞,running_style==2&phase_random==1&order_rate>50,作戦：先行&レース中盤(ランダム判定？)&順位率>50%,【先行】レース中盤のランダムな区間内において、順位率50%より後ろ[7～12位],×,30000,3,5000000,500,217,加速度アップ,自分,-,2000,"0,2",-,-,-,-,-,-,-,-,-,-
201371,幻惑のかく乱,レース終盤に前の方にいると後方の視野が少し狭くなる＜作戦・先行＞,running_style==2&phase_random==2&order_rate<=50,作戦：先行&レース終盤（ランダム判定？）&順位率<=50%,【先行】レース終盤のランダムな区間内において、順位率50%以内[1～6位],×,30000,3,5000000,500,334,視野向上,後方ウマ全て,18,-50000,-5,-,-,-,-,-,-,-,-,-,-
201372,かく乱,レース終盤に前の方にいると後方の視野がわずかに狭くなる＜作戦・先行＞,running_style==2&phase_random==2&order_rate<=50,作戦：先行&レース終盤（ランダム判定？）&順位率<=50%,【先行】レース終盤のランダムな区間内において、順位率50%以内[1～6位],×,30000,3,5000000,500,85,視野向上,後方ウマ全て,18,-30000,-3,-,-,-,-,-,-,-,-,-,-
201381,差し直線◎,直線で速度が少し上がる＜作戦・差し＞,running_style==3&straight_random==1,作戦：差し&直線である（ランダム？）,【差し】直線を1つ選んで、その範囲のどこかでランダム発動,×,30000,3,5000000,500,262,目標速度アップ,自分,-,2500,"0,25",-,-,-,-,-,-,-,-,-,-
201382,差し直線○,直線で速度がわずかに上がる＜作戦・差し＞,running_style==3&straight_random==1,作戦：差し&直線である（ランダム？）,【差し】直線を1つ選んで、その範囲のどこかでランダム発動,×,30000,3,5000000,500,217,目標速度アップ,自分,-,1500,"0,15",-,-,-,-,-,-,-,-,-,-
201391,差しコーナー◎,コーナーで速度が少し上がる＜作戦・差し＞,running_style==3&corner_random==1@running_style==3&corner_random==2@running_style==3&corner_random==3@running_style==3&corner_random==4,作戦：差し&コーナー番号＝１（ランダム）または作戦：差し&コーナー番号＝2（ランダム）または作戦：差し&コーナー番号＝3（ランダム）または作戦：差し&コーナー番号＝4（ランダム）,"【差し】第1コーナーのどこかで発動。（以下具体的な発動条件記載）
＊第1、第2、第3、第4コーナーそれぞれのランダムな位置で発動トリガーを生成し、通過時発動。（クールタイムにより最初に発動した場所以降発動無し。同じコーナーを2回通る場合は1回目では発動せず2回目の通過で発動）",×,30000,3,5000000,500,262,目標速度アップ,自分,-,2500,"0,25",-,-,-,-,-,-,-,-,-,-
201392,差しコーナー○,コーナーで速度がわずかに上がる＜作戦・差し＞,running_style==3&corner_random==1@running_style==3&corner_random==2@running_style==3&corner_random==3@running_style==3&corner_random==4,作戦：差し&コーナー番号＝１（ランダム）または作戦：差し&コーナー番号＝2（ランダム）または作戦：差し&コーナー_random==3または作戦：差し&コーナー_random==4,"【差し】第1コーナーのどこかで発動。（以下具体的な発動条件記載）
＊第1、第2、第3、第4コーナーそれぞれのランダムな位置で発動トリガーを生成し、通過時発動。（クールタイムにより最初に発動した場所以降発動無し。同じコーナーを2回通る場合は1回目では発動せず2回目の通過で発動）",×,30000,3,5000000,500,217,目標速度アップ,自分,-,1500,"0,15",-,-,-,-,-,-,-,-,-,-
201401,努力家,追い抜きが少し成功しやすくなる＜作戦・差し＞,running_style==3&is_overtake==1&accumulatetime>=5,作戦：差し&追い越し状態&発動までの猶予時間>=5,【差し】開始5秒後以降、追い越し対象が存在する,×,30000,3,5000000,500,334,加速度アップ,自分,-,3000,"0,3",-,-,-,-,-,-,-,-,-,-
201402,がんばり屋,追い抜きがわずかに成功しやすくなる＜作戦・差し＞,running_style==3&is_overtake==1&accumulatetime>=5,作戦：差し&追い越し状態&発動までの猶予時間>=5,【差し】開始5秒後以降、追い越し対象が存在する,×,30000,3,5000000,500,217,加速度アップ,自分,-,2000,"0,2",-,-,-,-,-,-,-,-,-,-
201411,百万バリキ,上り坂で速度が上がる＜作戦・差し＞,running_style==3&slope==1,作戦：差し&上り坂,【差し】上り坂,×,18000,"1,8",5000000,500,334,目標速度アップ,自分,-,3500,"0,35",-,-,-,-,-,-,-,-,-,-
201412,十万バリキ,上り坂で速度がわずかに上がる＜作戦・差し＞,running_style==3&slope==1,作戦：差し&上り坂,【差し】上り坂,×,18000,"1,8",5000000,500,217,目標速度アップ,自分,-,1500,"0,15",-,-,-,-,-,-,-,-,-,-
201421,リラックス,レース終盤に持久力が回復する＜作戦・差し＞,running_style==3&phase_random==2,作戦：差し&レース終盤（ランダム判定？）,【差し】レース終盤のランダムな位置,×,0,瞬時発動,5000000,500,508,体力回復,自分,-,550,"0,055",-,-,-,-,-,-,-,-,-,-
201422,小休憩,レース終盤に持久力がわずかに回復する＜作戦・差し＞,running_style==3&phase_random==2,作戦：差し&レース終盤（ランダム判定？）,【差し】レース終盤のランダムな位置,×,0,瞬時発動,5000000,500,217,体力回復,自分,-,150,"0,015",-,-,-,-,-,-,-,-,-,-
201431,大局観,レース中盤に観察力が高まり視野を広く持てる＜作戦・差し＞,running_style==3&phase_random==1,作戦：差し&レース中盤(ランダム判定？),【差し】レース中盤のランダムな位置,×,30000,3,5000000,500,334,視野向上,自分,-,150000,15,-,-,-,-,-,-,-,-,-,-
201432,読解力,レース中盤に観察力が高まり視野をわずかに広く持てる＜作戦・差し＞,running_style==3&phase_random==1,作戦：差し&レース中盤(ランダム判定？),【差し】レース中盤のランダムな位置,×,30000,3,5000000,500,85,視野向上,自分,-,50000,5,-,-,-,-,-,-,-,-,-,-
201441,八方にらみ,レース終盤に他のウマ娘が動揺する＜作戦・差し＞,running_style==3&phase_random==2&order_rate>50,作戦：差し&レース終盤（ランダム判定？）&順位率>50,【差し】レース終盤のランダムな区間内で、順位率50%より後ろ[7～12位],×,0,瞬時発動,5000000,500,508,体力回復,視野範囲内？,18,-300,"-0,03",-,-,-,-,-,-,-,-,-,-
201442,鋭い眼光,レース終盤に他のウマ娘がわずかに動揺する＜作戦・差し＞,running_style==3&phase_random==2&order_rate>50,作戦：差し&レース終盤（ランダム判定？）&順位率>50,【差し】レース終盤のランダムな区間内で、順位率50%より後ろ[7～12位],×,0,瞬時発動,5000000,500,217,体力回復,視野範囲内？,18,-100,"-0,01",-,-,-,-,-,-,-,-,-,-
201451,追込直線◎,直線で速度が少し上がる＜作戦・追込＞,running_style==4&straight_random==1,作戦：追込&直線である（ランダム？）,【追込】直線を1つ選んで、その範囲のどこかでランダム発動,×,30000,3,5000000,500,262,目標速度アップ,自分,-,2500,"0,25",-,-,-,-,-,-,-,-,-,-
201452,追込直線○,直線で速度がわずかに上がる＜作戦・追込＞,running_style==4&straight_random==1,作戦：追込&直線である（ランダム？）,【追込】直線を1つ選んで、その範囲のどこかでランダム発動,×,30000,3,5000000,500,217,目標速度アップ,自分,-,1500,"0,15",-,-,-,-,-,-,-,-,-,-
201461,追込コーナー◎,コーナーで速度が少し上がる＜作戦・追込＞,running_style==4&corner_random==1@running_style==4&corner_random==2@running_style==4&corner_random==3@running_style==4&corner_random==4,作戦：追込&コーナー番号＝１（ランダム）または作戦：追込&コーナー番号＝2（ランダム）または作戦：追込&コーナー番号＝3（ランダム）または作戦：追込&コーナー番号＝4（ランダム）,"【追込】第1コーナーのどこかで発動。（以下具体的な発動条件記載）
＊第1、第2、第3、第4コーナーそれぞれのランダムな位置で発動トリガーを生成し、通過時発動。（クールタイムにより最初に発動した場所以降発動無し。同じコーナーを2回通る場合は1回目では発動せず2回目の通過で発動）",×,30000,3,5000000,500,262,目標速度アップ,自分,-,2500,"0,25",-,-,-,-,-,-,-,-,-,-
201462,追込コーナー○,コーナーで速度がわずかに上がる＜作戦・追込＞,running_style==4&corner_random==1@running_style==4&corner_random==2@running_style==4&corner_random==3@running_style==4&corner_random==4,作戦：追込&コーナー番号＝１（ランダム）または作戦：追込&コーナー番号＝2（ランダム）または作戦：追込&コーナー番号＝3（ランダム）または作戦：追込&コーナー番号＝4（ランダム）,"【追込】第1コーナーのどこかで発動。（以下具体的な発動条件記載）
＊第1、第2、第3、第4コーナーそれぞれのランダムな位置で発動トリガーを生成し、通過時発動。（クールタイムにより最初に発動した場所以降発動無し。同じコーナーを2回通る場合は1回目では発動せず2回目の通過で発動）",×,30000,3,5000000,500,217,目標速度アップ,自分,-,1500,"0,15",-,-,-,-,-,-,-,-,-,-
201471,視界良好！異常なし！,左右に移動すると状況を把握して視野が少し広くなる＜作戦・追込＞,running_style==4&is_move_lane==1@running_style==4&is_move_lane==2,作戦：追込&レーン右に移動中または作戦：追込&レーン左に移動中,【追込】レーン移動中,×,30000,3,5000000,500,334,視野向上,自分,-,100000,10,-,-,-,-,-,-,-,-,-,-
201472,お見通し,左右に移動すると状況を把握して視野がわずかに広くなる＜作戦・追込＞,running_style==4&is_move_lane==1@running_style==4&is_move_lane==2,作戦：追込&レーン右に移動中または作戦：追込&レーン左に移動中,【追込】レーン移動中,×,30000,3,5000000,500,85,視野向上,自分,-,50000,5,-,-,-,-,-,-,-,-,-,-
201481,下校後のスペシャリスト,下り坂で疲れにくくなる＜作戦・追込＞,running_style==4&slope==2&accumulatetime>=10,作戦：追込&下り坂&発動までの猶予時間>=10,【追込】開始10秒後以降、下り坂,×,0,瞬時発動,5000000,500,508,体力回復,自分,-,550,"0,055",-,-,-,-,-,-,-,-,-,-
201482,下校の楽しみ,下り坂でわずかに疲れにくくなる＜作戦・追込＞,running_style==4&slope==2&accumulatetime>=10,作戦：追込&下り坂&発動までの猶予時間>=10,【追込】開始10秒後以降、下り坂,×,0,瞬時発動,5000000,500,217,体力回復,自分,-,150,"0,015",-,-,-,-,-,-,-,-,-,-
201491,冷静沈着,前が詰まった時に落ち着いて態勢を立て直す＜作戦・追込＞,running_style==4&blocked_front_continuetime>=1&accumulatetime>=10,作戦：追込&前をふさがれた時間>=1&発動までの猶予時間>=10,【追込】開始10秒後以降、前をふさがれた時間1秒以上,×,0,瞬時発動,5000000,500,508,体力回復,自分,-,550,"0,055",-,-,-,-,-,-,-,-,-,-
201492,冷静,前が詰まった時に落ち着いて態勢をわずかに立て直す＜作戦・追込＞,running_style==4&blocked_front_continuetime>=1&accumulatetime>=10,作戦：追込&前をふさがれた時間>=1&発動までの猶予時間>=10,【追込】開始10秒後以降、前をふさがれた時間1秒以上,×,0,瞬時発動,5000000,500,217,体力回復,自分,-,150,"0,015",-,-,-,-,-,-,-,-,-,-
201501,天命士,レース終盤に後ろの方にいると視野が広くなる＜作戦・追込＞,running_style==4&phase_random==2&order_rate>50,作戦：追込&レース終盤（ランダム判定？）&順位率>50,【追込】レース終盤のランダムな区間内において、順位率50%より後ろ[7～12位],×,30000,3,5000000,500,334,視野向上,自分,-,150000,15,-,-,-,-,-,-,-,-,-,-
201502,策士,レース終盤に後ろの方にいると視野がわずかに広くなる＜作戦・追込＞,running_style==4&phase_random==2&order_rate>50,作戦：追込&レース終盤（ランダム判定？）&順位率>50,【追込】レース終盤のランダムな区間内において、順位率50%より後ろ[7～12位],×,30000,3,5000000,500,85,視野向上,自分,-,50000,5,-,-,-,-,-,-,-,-,-,-
201511,熱いまなざし,レース終盤に目を付けたウマ娘の緊張感が増す＜作戦・追込＞,running_style==4&phase_random==2&order>=2,作戦：追込&レース終盤（ランダム判定？）&順位>=2,【追込】レース終盤のランダムな区間内において、順位が2位以下,×,30000,3,5000000,500,508,現在速度アップ,視野範囲内？,18,-2500,"-0,25",-,-,-,-,-,-,-,-,-,-
201512,まなざし,レース終盤に目を付けたウマ娘の緊張感がわずかに増す＜作戦・追込＞,running_style==4&phase_random==2&order>=2,作戦：追込&レース終盤（ランダム判定？）&順位>=2,【追込】レース終盤のランダムな区間内において、順位が2位以下,×,30000,3,5000000,500,217,現在速度アップ,視野範囲内？,18,-1500,"-0,15",-,-,-,-,-,-,-,-,-,-
201521,逃げのコツ◎,良い位置につきやすくなる＜作戦・逃げ＞,running_style==1,作戦：逃げ,【逃げ】,〇,-1,瞬時発動,0,0,217,賢さアップ,自分,-,600000,60,視野向上,自分,-,100000,10,-,-,-,-,-
201522,逃げのコツ○,良い位置に少しつきやすくなる＜作戦・逃げ＞,running_style==1,作戦：逃げ,【逃げ】,〇,-1,瞬時発動,0,0,174,賢さアップ,自分,-,400000,40,視野向上,自分,-,50000,5,-,-,-,-,-
201531,先行のコツ◎,良い位置につきやすくなる＜作戦・先行＞,running_style==2,作戦：先行,【先行】,〇,-1,瞬時発動,0,0,217,賢さアップ,自分,-,600000,60,視野向上,自分,-,100000,10,-,-,-,-,-
201532,先行のコツ○,良い位置に少しつきやすくなる＜作戦・先行＞,running_style==2,作戦：先行,【先行】,〇,-1,瞬時発動,0,0,174,賢さアップ,自分,-,400000,40,視野向上,自分,-,50000,5,-,-,-,-,-
201541,差しのコツ◎,良い位置につきやすくなる＜作戦・差し＞,running_style==3,作戦：差し,【差し】,〇,-1,瞬時発動,0,0,217,賢さアップ,自分,-,600000,60,視野向上,自分,-,100000,10,-,-,-,-,-
201542,差しのコツ○,良い位置に少しつきやすくなる＜作戦・差し＞,running_style==3,作戦：差し,【差し】,〇,-1,瞬時発動,0,0,174,賢さアップ,自分,-,400000,40,視野向上,自分,-,50000,5,-,-,-,-,-
201551,追込のコツ◎,良い位置につきやすくなる＜作戦・追込＞,running_style==4,作戦：追込,【追込】,〇,-1,瞬時発動,0,0,217,賢さアップ,自分,-,600000,60,視野向上,自分,-,100000,10,-,-,-,-,-
201552,追込のコツ○,良い位置に少しつきやすくなる＜作戦・追込＞,running_style==4,作戦：追込,【追込】,〇,-1,瞬時発動,0,0,174,賢さアップ,自分,-,400000,40,視野向上,自分,-,50000,5,-,-,-,-,-
201561,スーパーラッキーセブン,枠番が7の時に良いことが起きる場合がある,random_lot==50&post_number==7,random_lot==50&枠番==7,枠番:7枠において、（スキル発動率とは別で）50％の確率,×,-1,瞬時発動,0,0,334,スピードアップ,自分,-,600000,60,スタミナアップ,自分,-,600000,60,パワーアップ,自分,-,600000,60
201562,ラッキーセブン,枠番が7の時に少し良いことが起きる場合がある,random_lot==50&post_number==7,random_lot==50&枠番==7,枠番:7枠において、（スキル発動率とは別で）50％の確率,×,-1,瞬時発動,0,0,174,スピードアップ,自分,-,400000,40,スタミナアップ,自分,-,400000,40,パワーアップ,自分,-,400000,40
201571,スリーセブン,残り距離が777mの時にわずかに元気が出る,remain_distance<=778&remain_distance>=776,残り距離<=778&残り距離>=776,残り距離が777m,×,0,瞬時発動,5000000,500,217,体力回復,自分,-,150,"0,015",-,-,-,-,-,-,-,-,-,-
201581,登山家,上り坂がわずかに上手くなる,slope==1,上り坂,上り坂,×,30000,3,5000000,500,217,加速度アップ,自分,-,2000,"0,2",-,-,-,-,-,-,-,-,-,-
201591,ウマ好み,近くにウマ娘がたくさんいると速度がわずかに上がる,near_count==4@near_count==5@near_count==6@near_count==7,近くのウマ娘の数==4または近くのウマ娘の数==5または近くのウマ娘の数==6または近くのウマ娘の数==7,前後左右1.5m未満にウマ娘の数が4～7,×,30000,3,5000000,500,217,目標速度アップ,自分,-,1500,"0,15",-,-,-,-,-,-,-,-,-,-
201601,地固め,レース序盤にスキルを多く発動すると加速力がわずかに上がる,activate_count_start>=3,序盤発動スキル数>=3,序盤発動スキル数3つ以上,×,30000,3,5000000,500,217,加速度アップ,自分,-,2000,"0,2",-,-,-,-,-,-,-,-,-,-
201611,尻尾上がり,レース中盤にスキルを多く発動すると速度がわずかに上がる,activate_count_middle>=3,中盤発動スキル数>=3,中盤発動スキル数3つ以上,×,30000,3,5000000,500,217,目標速度アップ,自分,-,1500,"0,15",-,-,-,-,-,-,-,-,-,-
201621,ふり絞り,レース終盤にスキルを多く発動すると持久力がわずかに回復する,activate_count_end_after>=3,終盤発動スキル数>=3,終盤に発動したスキル数3つ以上,×,0,瞬時発動,5000000,500,217,体力回復,自分,-,150,"0,015",-,-,-,-,-,-,-,-,-,-
201631,シンパシー,シンパシーの心を持つウマ娘が多いレースだと少し能力が上がる,same_skill_horse_count>=5,同じスキルをもつ馬の数（シンパシー）>=5,「シンパシー」持ちが5以上,〇,-1,瞬時発動,0,0,129,スピードアップ,自分,-,400000,40,-,-,-,-,-,-,-,-,-,-
201641,一匹狼,自分だけが一匹狼の心を持つレースで少し能力が上がる,same_skill_horse_count==1,同じスキルをもつ馬の数（一匹狼）＝0,「一匹狼」持ちが0,〇,-1,瞬時発動,0,0,129,スピードアップ,自分,-,400000,40,-,-,-,-,-,-,-,-,-,-
201651,スリップストリーム,前のウマ娘のすぐ後ろに付けると風の抵抗をわずかに受けにくくなる,infront_near_lane_time>=3&accumulatetime>=10,前の近い馬と同じレーンを走ってる時間>=3&発動までの猶予時間>=10,開始10秒以降、一番近くの前のウマが1バ身以内かつ左右距離1ウマ幅以内に3秒以上いた場合,×,30000,3,300000,30,217,目標速度アップ,自分,-,1500,"0,15",-,-,-,-,-,-,-,-,-,-
201661,遊びはおしまいっ！,すぐ後ろにウマ娘が長くいると速度がわずかに上がる,behind_near_lane_time>=3&accumulatetime>=10,後ろの近い馬と同じレーンを走ってる時間>=3&発動までの猶予時間>=10,開始10秒以降、一番近くの後ろのウマが1バ身以内かつ左右距離1ウマ幅以内に3秒以上いた場合,×,30000,3,300000,30,217,目標速度アップ,自分,-,1500,"0,15",-,-,-,-,-,-,-,-,-,-
201671,チャート急上昇！,レース中盤に競り合うと速度が上がる＜ダート＞,ground_type==2&phase==1&blocked_side_continuetime>=2,ダート&レース中盤&競り合った時間>=2,〈ダート〉レース中盤において、競り合った時間が2以上,×,18000,"1,8",5000000,500,508,目標速度アップ,自分,-,3500,"0,35",-,-,-,-,-,-,-,-,-,-
201672,レコメンド,レース中盤に競り合うと速度がわずかに上がる＜ダート＞,ground_type==2&phase==1&blocked_side_continuetime>=2,ダート&レース中盤&競り合った時間>=2,〈ダート〉レース中盤において、競り合った時間が2以上,×,18000,"1,8",5000000,500,217,目標速度アップ,自分,-,1500,"0,15",-,-,-,-,-,-,-,-,-,-
300011,癒えない渇き,レースへの渇望により能力が少し発揮しやすくなる,track_id==10008,レース場==京都レース場,レース場:京都レース場,〇,-1,瞬時発動,0,0,0,スタミナアップ,自分,-,400000,40,-,-,-,-,-,-,-,-,-,-
300021,変わらぬままで,かつての走りとは違うがあの頃と変わらない想いが能力をすごく上げる,season==4,季節==冬,季節:冬,〇,-1,瞬時発動,0,0,0,スピードアップ,自分,-,800000,80,-,-,-,-,-,-,-,-,-,-
900011,シューティングスター,レース終盤に前の方で相手を抜くと速度がわずかに上がる,phase>=2&order>=2&order_rate<=50&change_order_onetime<0,レース終盤&順位>=2&順位率<=50%&変動順位<0,レース終盤以降において、追い抜いた時に順位が2位以下かつ順位率50%以内[2～6位],×,30000,3,5000000,500,180,目標速度アップ,自分,-,1500,"0,15",-,-,-,-,-,-,-,-,-,-
900021,先頭の景色は譲らない…！,最終直線で差を付けて先頭にいると速度をわずかに上げる,is_finalcorner==1&corner==0&order==1&bashin_diff_behind>=1,最終コーナー＝到達&直線である&順位＝1&後ろの馬との距離（馬身数）>=1,最終直線において、順位が1位の時に後ろのウマと1馬身以上,×,30000,3,5000000,500,180,目標速度アップ,自分,-,1500,"0,15",-,-,-,-,-,-,-,-,-,-
900031,究極テイオーステップ,最終直線で前と差が詰まると速度が少し上がる,is_finalcorner==1&corner==0&order<=3&bashin_diff_infront<=1&is_overtake==1,最終コーナー＝到達&直線である&順位<=3&前の馬との距離（馬身数）<=1&追い越していない,最終直線において、順位が3位以内かつ前のウマと1馬身以内で、追い越し対象が存在する,×,30000,3,5000000,500,180,目標速度アップ,自分,-,2500,"0,25",-,-,-,-,-,-,-,-,-,-
900041,紅焔ギア/LP1211-M,最終コーナー以降で前の方にいると加速力がわずかに上がる,is_finalcorner==1&order<=5&order_rate<=50,最終コーナー＝到達&順位<=5&順位率<=50%,最終コーナー以降、順位5位以内かつ順位率50%以内[1～5位],×,24000,"2,4",5000000,500,180,加速度アップ,自分,-,2000,"0,2",-,-,-,-,-,-,-,-,-,-
900051,煌星のヴォードヴィル,最終直線で前の方で少し抜け出ていると速度が少し上がる,is_finalcorner==1&corner==0&order_rate<=30&behind_near_lane_time>=1,最終コーナー到達&直線である&順位率<=30&後ろの近くのレーンに他のウマがいる時間？>=1,"最終直線において、順位率30％以内[1～4位]の時に、一番近くの後ろのウマが1バ身以内かつ左右距離1ウマ幅以内に1秒以上いた場合
（相手のウマが変わってもよいが、自分の順位が変わると時間リセット）",×,30000,3,5000000,500,180,目標速度アップ,自分,-,2500,"0,25",-,-,-,-,-,-,-,-,-,-
900061,勝利の鼓動,残り200m地点で前の方にいると少し抜け出しやすくなる,order>=2&order<=5&order_rate<=50&remain_distance<=201&remain_distance>=199,順位>=2&順位<=5&順位率<=50%&残り距離<=201&残り距離>=199,残り200m地点において、順位2位以下かつ5位以内かつ順位率50%以内[2～5位],×,30000,3,5000000,500,180,目標速度アップ,自分,-,2500,"0,25",-,-,-,-,-,-,-,-,-,-
900071,不沈艦、抜錨ォッ！,レース中間からロングスパートをかけて速度がちょっとずつ上がる,distance_rate>=50&distance_rate<=60&order_rate>50,走行距離>=50%&走行距離<=60%&順位率>50%,走行距離50%～60%において、順位率50%より後ろ[7～12位],×,36000,"3,6",5000000,500,180,目標速度アップ,自分,-,500,"0,05",-,-,-,-,-,-,-,-,-,-
900081,カッティング×DRIVE！,残り200mを切って前の方にいると速度がわずかに上がる,order>=3&order_rate<=50&remain_distance<=200&bashin_diff_infront<=1@order>=3&order_rate<=50&remain_distance<=200&bashin_diff_behind<=1,順位>=3&順位率<=50&残り距離<=200&前の馬との距離（馬身数）<=1または順位>=3&順位率<=50&残り距離<=200&後ろの馬との距離（馬身数）<=1,残り距離が200m以下において、順位が3位以下かつ順位率50%以内[3～6位]で、前後の馬どちらかと1馬身以内,×,30000,3,5000000,500,180,目標速度アップ,自分,-,1500,"0,15",-,-,-,-,-,-,-,-,-,-
900091,ブリリアント・レッドエース,レース後半で1番をキープし続ける力をちょっと発揮する,distance_rate>=50&order==1&bashin_diff_behind<=1,走行距離>=50%&順位＝1&後ろの馬との距離（馬身数）<=1,走行距離が50%以上において、順位が1位の時に、後ろの馬と1馬身以内,×,30000,3,5000000,500,180,目標速度アップ,自分,-,500,"0,05",加速度アップ,自分,-,1000,"0,1",-,-,-,-,-
900101,ヴィクトリーショット！,最終コーナーで好位置にいると加速力がわずかに上がる,is_finalcorner==1&corner!=0&order>=3&order_rate<=50,最終コーナー＝到達&コーナーである&順位>=3&順位率<=50%,最終コーナにおいて、順位が3位以下かつ順位率50%以内[3～6位],×,24000,"2,4",5000000,500,180,加速度アップ,自分,-,2000,"0,2",-,-,-,-,-,-,-,-,-,-
900111,精神一到何事か成らざらん,最終直線で後ろの方から追い抜くと速度がわずかに上がる,is_finalcorner==1&corner==0&change_order_onetime<0&order>=4,最終コーナー＝到達&直線である&変動順位<0&順位>=4,最終直線において、追い抜いた時に4位以下[4～11位],×,30000,3,5000000,500,180,目標速度アップ,自分,-,1500,"0,15",-,-,-,-,-,-,-,-,-,-
900121,タイマン！デッドヒート！,最終直線で後ろの方から外を回って追い抜く時、速度をわずかに上げる,is_finalcorner==1&corner==0&is_behind_in==1&change_order_onetime<0&order_rate>=40,最終コーナー到達&コーナーではない&自分の内側背後にウマがいる&1つでも順位を上げる&順位率>=40%[6位~12位],最終直線において、1つでも順位を上げた際に自分の内側背後にウマがいて、順位率40%より後ろ[6位~12位],×,30000,3,5000000,500,180,目標速度アップ,自分,-,1500,"0,15",-,,,,,,,,,
900131,貴顕の使命を果たすべく,最終コーナーで前の方にいると速度がわずかに上がる,is_finalcorner==1&corner!=0&distance_diff_rate<=30,最終コーナー＝到達&コーナーである&全ウマ娘の距離の差における前からの率（数字が小さいほど前）<=30%,最終コーナーにおいて、全ウマ娘の距離の差のうち前から30%以内,×,30000,3,5000000,500,180,目標速度アップ,自分,-,1500,"0,15",-,-,-,-,-,-,-,-,-,-
900141,プランチャ☆ガナドール,最終直線で余力を持って前にいるとちょっと優位を保ちやすくなる,is_finalcorner==1&corner==0&hp_per>=30&order<=2,最終コーナー＝到達&直線である&スタミナ割合>=30&順位<=2,最終直線において、体力割合が30%以上かつ、順位が2位以内[1～2位],×,30000,3,5000000,500,180,目標速度アップ,自分,-,500,"0,05",加速度アップ,自分,-,1000,"0,1",-,-,-,-,-
900151,ヴィットーリアに捧ぐ舞踏,最終コーナーで前の方で競り合うと速度がわずかに上がる,is_finalcorner==1&corner!=0&bashin_diff_infront<=1&bashin_diff_behind<=1&blocked_side_continuetime>=2&order<=4,最終コーナー＝到達&コーナーである&前の馬との距離（馬身数）<=1&後ろの馬との距離（馬身数）<=1&競り合った時間>=2&順位<=4,最終コーナーにおいて、前のウマと1馬身以内かつ後ろのウマと1馬身以内で競り合った時間2秒以上の時に、4位以内,×,30000,3,5000000,500,180,目標速度アップ,自分,-,1500,"0,15",-,-,-,-,-,-,-,-,-,-
900161,Shadow Break,最終コーナー以降で外から追い抜くと速度をわずかに上げる,is_finalcorner==1&order>=2&order_rate<=75&is_behind_in==1&change_order_onetime<0,最終コーナー到達&2位以下&順位率75%より前&内側背後にウマがいる＝〇&変動順位<1,最終コーナー以降、1つでも順位を上げた際に自分の内側背後にウマがいて、2位以下かつ順位率75%以内[2～9位]の範囲内だった場合,×,30000,3,5000000,500,180,目標速度アップ,自分,-,1500,"0,15",-,-,-,-,-,-,-,-,-,-
900171,汝、皇帝の神威を見よ,レース終盤に3回追い抜くと最終直線で速度が少し上がる,is_finalcorner==1&change_order_up_end_after>=3&corner==0,最終コーナー＝到達&追い抜き回数>=3&直線である,（終盤以降の？）追い抜き回数3回以上で、最終直線に居る,×,30000,3,5000000,500,180,目標速度アップ,自分,-,2500,"0,25",-,-,-,-,-,-,-,-,-,-
900181,ブレイズ・オブ・プライド,最終コーナーで後ろから追い抜くと速度がわずかに上がる,is_finalcorner==1&corner!=0&order>=4&change_order_onetime<0,最終コーナー＝到達&コーナーである&順位>=4&変動順位<0,最終コーナーにおいて、追い抜いた時に4位以下[4～11位],×,30000,3,5000000,500,180,目標速度アップ,自分,-,1500,"0,15",-,-,-,-,-,-,-,-,-,-
900201,アングリング×スキーミング,レース終盤のコーナーで先頭にいると加速力をわずかに上げる,phase>=2&corner!=0&order==1,レース終盤以降&コーナーである&1位,レース終盤以降のコーナーにおいて、1位,×,24000,"2,4",5000000,500,180,加速度アップ,自分,-,2000,"0,2",-,-,-,-,-,-,-,-,-,-
900231,∴win Q.E.D.,最終コーナーで前の方で追い抜くと勝利の方程式を導き、速度を上げる,is_finalcorner==1&corner!=0&change_order_onetime<0&order<=4,最終コーナー＝到達&コーナーである&変動順位<0&順位<=4,最終コーナーにおいて、追い抜いた時に4位以内[1～4位],×,30000,3,5000000,500,180,目標速度アップ,自分,-,1500,"0,15",-,-,-,-,-,-,-,-,-,-
900241,ひらめき☆ランディング,最終コーナーで前の方で競り合うと直線でちょっと抜け出しやすくなる,is_finalcorner==1&corner!=0&blocked_side_continuetime>=2&order<=3,最終コーナー＝到達&コーナーである&競り合った時間>=2&順位<=3,最終コーナーにおいて、競り合った時間が2秒以上かつ順位が3位以内[1～3位],×,30000,3,5000000,500,180,目標速度アップ,自分,-,500,"0,05",加速度アップ,自分,-,1000,"0,1",-,-,-,-,-
900261,G00 1st.F∞;,最終直線までみずから崩れることなく前の方にいるとわずかに速度が上がる,is_badstart==0&temptation_count==0&order<=3&is_finalcorner==1&corner==0,出遅れ＝×&掛かり回数＝×&順位<=3&最終コーナー＝到達&直線である,最終直線において、出遅れ0回かつ掛かり回数0回で、順位が3位以内[1～3位],×,30000,3,5000000,500,180,目標速度アップ,自分,-,1500,"0,15",-,-,-,-,-,-,-,-,-,-
900271,レッツ・アナボリック！,レース終盤のコーナーで前の位置につこうとして加速力がわずかに上がる,phase>=2&corner!=0&order_rate>=65&order_rate<=70,レース終盤&コーナーである&順位率>=65&順位率<=70%,"レース終盤以降のコーナーにおいて、順位率65%～70%[8位]
＊65～70%の範囲に関して、6/9位、8/12位、13/18位で発動確認のため注意",×,24000,"2,4",5000000,500,180,加速度アップ,自分,-,2000,"0,2",-,-,-,-,-,-,-,-,-,-
900301,ブルーローズチェイサー,最終直線で抜け出した時に速度がわずかに上がる,is_finalcorner==1&corner==0&order<=4&change_order_onetime<0,最終コーナー＝到達&直線である&順位<=4&変動順位<0,最終直線において、追い抜いた時に順位が4位以内[1～4位],×,30000,3,5000000,500,180,目標速度アップ,自分,-,1500,"0,15",-,-,-,-,-,-,-,-,-,-
900321,U=ma2,レース後半のコーナーで控えていると持久力がわずかに回復する,distance_rate>=50&corner!=0&order>=3&order_rate<=40,走行距離>=50%&コーナーである&順位>=3&順位率<=40%,走行距離50%以上のコーナーにおいて、3位以下かつ順位率40%以内[3～5位],×,0,瞬時発動,5000000,500,180,体力回復,自分,-,150,"0,015",-,-,-,-,-,-,-,-,-,-
900351,勝利のチケットを、君にッ！,最終直線で競り合いに負けない気持ちが湧けば、速度がわずかに上がる,is_finalcorner==1&corner==0&order<=5&blocked_side_continuetime>=2,最終コーナー＝到達&直線である&順位<=5&競り合った時間>=2,最終直線において、順位が5位以内[1～5位]かつ、競り合った時間が2秒以上,×,30000,3,5000000,500,180,目標速度アップ,自分,-,1500,"0,15",-,-,-,-,-,-,-,-,-,-
900381,#LookatCurren,レース中間付近で好位置にいる時に追い抜くとちょっと進出を開始する,distance_rate>=50&distance_rate<=65&order>=3&order_rate<=40&change_order_onetime<0,走行距離>=50%&走行距離<=65%順位>=3&順位率<=40%&変動順位<0,レース全体の50～65%において、追い抜いた時に順位が3位以上かつ順位率40%以内[3～5位],×,30000,3,5000000,500,180,目標速度アップ,自分,-,500,"0,05",加速度アップ,自分,-,1000,"0,1",-,-,-,-,-
900401,KEEP IT REAL.,レース後半に中団から仕掛け始める時に加速力をちょっとずつ上げる,distance_rate>=50&order_rate>=40&order_rate<=70&is_overtake==1,,走行距離50%以上において、順位率が40%～70%[5～8位]の際に、追い越し対象が存在する（追い越し状態になる必要はない。詳しくは解析まとめに記載）,×,36000,"3,6",5000000,500,180,加速度アップ,自分,-,1000,"0,1",-,-,-,-,-,-,-,-,-,-
900411,優等生×バクシン＝大勝利ッ,レース後半に前の方で競り合うと速度がわずかに上がる,distance_rate>=50&order<=3&blocked_side_continuetime>=2,走行距離>=50%&順位<=3&競り合った時間>=2,走行距離が50%以上において、順位が3位以内[1～3位]かつ、競り合った時間が2秒以上,×,30000,3,5000000,500,180,目標速度アップ,自分,-,1500,"0,15",-,-,-,-,-,-,-,-,-,-
900451,ピュリティオブハート,レース中盤で好位置にいる時に持久力がわずかに回復する,phase_random==1&order>=2&order_rate<=40,レース中盤(ランダム判定？)&順位>=2&順位率<=40%,レース中盤のランダムな区間内で、順位が2位以下かつ順位率40%以内[2～5位],×,0,瞬時発動,5000000,500,180,体力回復,自分,-,150,"0,015",-,-,-,-,-,-,-,-,-,-
900461,キラキラ☆STARDOM,レース中盤の直線で先頭を奪われそうになると譲らない想いがちょっと力になる,phase==1&corner==0&order==1&bashin_diff_behind<=1,レース中盤&直線である&順位=1&後ろのウマとの距離（馬身数）<=1,レース中盤の直線で、順位が1位の際に後ろのウマとの距離が1馬身以内,×,30000,3,5000000,500,180,目標速度アップ,自分,-,500,"0,05",加速度アップ,自分,-,1000,-,-,-,-,-,-
900501,Nemesis,最終コーナーで集団の後方の位置から前へ出る時、速度がわずかに上がる,is_finalcorner==1&corner!=0&order_rate>=50&order_rate<=75&is_overtake==1,最終コーナー＝到達&コーナーである&順位率>=50%&順位率<=75%&追い越し状態,最終コーナーにおいて、順位率50～75%[6位～9位]の時に、追い越し対象が存在する,×,30000,3,5000000,500,180,目標速度アップ,自分,-,1500,"0,15",-,-,-,-,-,-,-,-,-,-
900521,ワクワククライマックス,最終コーナーで後ろの方にいると近くのウマ娘を見て持久力をわずかに回復する,is_finalcorner==1&corner!=0&order_rate>50&near_count>=1,最終コーナー＝到達&コーナーである&順位率>50%&近くのウマ娘の数>=1,最終コーナーにおいて順位率50%より後ろ[7位～12位]で、前後左右1.5m未満にウマ娘の数が1以上,×,0,瞬時発動,5000000,500,180,体力回復,自分,-,150,"0,015",-,-,-,-,-,-,-,-,-,-
900561,来ます来てます来させます！,レース終盤に前方が詰まるとお告げ次第で道をわずかに切り開く,phase>=2&order>=3&blocked_front==1,レース終盤&順位>=3&前方詰まっている,レース終盤以降において、順位が3位以下[3～12位]の際に、前方が詰まってる,×,30000,3,5000000,500,180,目標速度アップ,自分,-,1500,"0,15",-,-,-,-,-,-,-,-,-,-
900581,I Never Goof Up!,レース終盤のコーナーで中団以降のポジションから追い抜くと\nちょっと前を目指す,phase>=2&corner!=0&order>=3&change_order_onetime<0,フェーズ>=2&コーナーである&順位>=3&順位変動<0,レース終盤以降のコーナーにおいて、追い抜いた際に3位以下[3～12位],×,30000,3,5000000,500,180,目標速度アップ,自分,-,500,"0,05",加速度アップ,自分,-,1000,"0,1",-,-,-,-,-
900601,きっとその先へ…！,レース終盤で3番手の時に負けそうになると速度がわずかに上がる,phase>=2&order==3&bashin_diff_behind<=1,レース終盤&順位==3&後ろの馬との距離（馬身数）<=1,レース終盤以降において、順位が3位かつ後ろの馬と1馬身以内,×,30000,3,5000000,500,180,目標速度アップ,自分,-,1500,"0,15",-,-,-,-,-,-,-,-,-,-
900611,Pride of KING,レースを冷静に運ぶことができると残り200mで実力発揮、速度が少し上がる,temptation_count==0&remain_distance<=201&remain_distance>=199&order>=5&order_rate<=60,レース終盤&順位==3&後ろの馬との距離（馬身数）<=1,残り200ｍ地点において、掛かり回数0回かつ、順位が5位以下かつ順位率60%以内[5～7位],×,30000,3,5000000,500,180,目標速度アップ,自分,-,2500,"0,25",-,-,-,-,-,-,-,-,-,-
910011,わやかわ♪マリンダイヴ,中盤で2回スキルを使うと持久力がわずかに回復する,phase==1&order>=2&order_rate<=70&activate_count_middle>=2,中盤&順位>=2&順位率<=70&中盤発動スキル数>=2,レース中盤において、2位以下かつ順位70％以内[2～8位]の時に、中盤発動スキルが2つ以上,×,0,0,5000000,500,180,体力回復,自分,-,150,"0,015",-,-,-,-,-,-,-,-,-,-
910031,絶対は、ボクだ,最終直線で前の方で追いすがっていると速度がわずかに上がる,is_finalcorner==1&corner==0&is_overtake==1&order<=5&order_rate<=50&overtake_target_no_order_up_time>=2,最終コーナー＝到達&直線である&追い越し状態&順位<=5&順位率<=50%&追い越し状態でのウマの順位上昇時間>=2,最終直線において、5位以内かつ半分より前の場合、追い越し状態で(追い越そうとしたウマに対して2秒以上順位が上がらなかった際?),×,30000,0,5000000,500,180,目標速度アップ,自分,-,1500,"0,15",-,-,-,-,-,-,-,-,-,-
910041,グッときて♪Chu,スキルで持久力を回復するとレース後半で前のほうにいる時にわずかに速度を上げる,distance_rate>=50&activate_count_heal>=1&order<=3,走行距離>=50&発動回復スキル数>=1&順位<=3,走行距離50％以上において、順位が3位以内[1～3位]の時に、発動回復スキルが1回以上,×,30000,3,5000000,500,180,目標速度アップ,自分,-,1500,"0,15",-,-,-,-,-,-,-,-,-,-
910111,ゲインヒール・スペリアー,中盤に後ろの方で順位を下げた時に持久力をわずかに回復する,phase==1&change_order_onetime>0&order_rate>=40,中盤&順位変動>0&順位率>=40,中盤において、順位を下げたときに、順位率40％以下[6～12位],×,0,0,5000000,500,180,体力回復,自分,-,150,"0,015",-,-,-,-,-,-,-,-,-,-
910131,最強の名を懸けて,最終コーナー以降に前めで力が尽きかけ詰め寄られると速度がわずかに上がる,is_finalcorner==1&hp_per<=35&order<=3&order_rate<=50&bashin_diff_behind<=1&overtake_target_time>=1,最終コーナー＝到達&体力割合<=35%&順位<=3&順位率<=50%&後ろのウマとの距離（馬身数）<=1&追い越し時間?>=1,最終コーナー以降、体力割合35%以下の際、3位以内かつ半分より前の場合において、後ろのウマと1馬身以内かつ(そのウマが1秒以上追い越し状態である？),×,30000,0,5000000,500,180,目標速度アップ,自分,-,1500,"0,15",-,-,-,-,-,-,-,-,-,-
910141,コンドル猛撃波,最終コーナーで中団から前を狙う時加速力をわずかに上げる,is_finalcorner==1&corner!=0&is_overtake==1&order>=4&order_rate<=75,最終コーナー==到達&コーナーである&追い抜き状態&順位>=4&順位率<=75,最終コーナーにおいて、順位が4位以下かつ順位率75%以内[4～9位]の時に、追い越し対象が存在する,×,24000,"2,4",5000000,500,180,加速度アップ,自分,-,2000,"0,2",-,-,-,-,-,-,-,-,-,-
910181,薫風、永遠なる瞬間を,レース中盤で前の方から仕掛け始める時に速度がわずかに上がる,phase_random==1&order>=3&order_rate<=50&is_overtake==1,レース中盤&順位>=3&順位率<=50&追い抜き状態==〇,レース中盤のランダムな区間内において、順位が3位以下かつ順位率50%以内[3～6位]で、追い越し対象が存在する,×,30000,3,5000000,500,180,目標速度アップ,自分,-,1500,"0,15",-,-,-,-,-,-,-,-,-,-
910241,フラワリー☆マニューバ,最終コーナーで前の方で抜くと速度が後ろの方で抜くと加速力がわずかに上がる,is_finalcorner==1&corner!=0&order_rate<=40&change_order_onetime<0,最終コーナー==到達&コーナーである&順位率<=40&変動順位<0,最終コーナーにおいて、追い抜いた時に順位率40%以内[1～5位],×,30000,3,5000000,500,180,目標速度アップ,自分,-,1500,"0,15",-,-,-,-,-,-,-,-,-,-
910241,フラワリー☆マニューバ,最終コーナーで前の方で抜くと速度が後ろの方で抜くと加速力がわずかに上がる,is_finalcorner==1&corner!=0&order_rate>=50&order_rate<=80&change_order_onetime<0,最終コーナー==到達&コーナーである&順位率>=50&順位率<=80&変動順位<0,最終コーナーにおいて、追い抜いた時に順位率50%～80%[7～9位],×,24000,"2,4",5000000,500,180,加速度アップ,自分,-,2000,"0,2",-,-,-,-,-,-,-,-,-,-